#{"t_start": 1639687071.6414385, "env_id": null}
r,l,t
-1.057387,30,0.619477
-1.080045,50,1.28149
-1.059055,42,1.885665
-1.058574,34,2.433068
-1.037379,20,2.881477
-1.033474,17,3.320073
-1.039579,27,3.836864
-1.055249,30,4.394637
-1.036281,21,4.898609
-1.047742,28,5.428715
-1.073422,121,6.708851
-1.095178,42,7.356908
-1.045619,58,8.123902
-1.226542,100,9.18766
-1.041386,27,9.752404
-1.037963,19,10.250921
-1.03873,19,10.758129
-1.046907,20,11.33121
-1.038509,35,11.992544
-1.029189,26,12.566053
-1.056882,30,13.163492
-1.118109,63,14.018167
-1.039744,21,14.525776
-1.042316,25,15.059812
-1.101422,50,15.771454
-1.520448,94,16.811566
-1.075713,41,17.46245
-1.335279,89,18.462812
-1.081521,45,19.148998
-1.032211,19,19.646237
-1.070465,35,20.255345
-1.046128,24,20.780722
-1.09053,50,21.495976
-1.938917,126,22.770341
-1.145186,47,23.467243
-1.034199,17,23.948413
-1.098257,35,24.556481
-1.274365,166,26.121818
-1.035095,52,26.862263
-1.133846,133,28.192253
-1.236653,93,29.233912
-1.494646,151,30.67438
-0.284645,230,32.701024
-1.111193,40,33.395813
-1.092928,43,34.138973
-1.102884,45,34.860612
-1.103457,45,35.544559
-1.230753,77,36.494823
-1.049367,26,37.053367
-1.157454,106,38.21805
-1.145682,75,39.140164
-1.059697,33,39.752877
-1.042705,21,40.266686
-1.049934,25,40.821561
-1.029753,13,41.298795
-1.26869,151,42.739051
-1.160964,63,43.542129
-1.036189,24,44.115278
-1.039956,22,44.670028
-1.121182,59,45.472182
-1.031773,14,45.930821
-1.06188,35,46.531038
-1.066941,32,47.123555
-1.141341,46,47.794879
-1.122187,51,48.501469
-1.122532,62,49.284954
-1.101471,39,49.913785
-1.066371,30,50.472255
-1.157279,37,51.086175
-1.041552,20,51.57772
-1.043641,33,52.19851
-1.032439,22,52.7652
-1.05117,22,53.319482
-1.050061,29,53.923584
-1.066464,31,54.562886
-1.081436,39,55.251865
-1.127716,65,56.176596
-1.103724,47,56.967902
-1.167367,80,58.021353
-1.082368,55,58.861436
-1.055833,29,59.465542
-1.093996,52,61.438148
-1.190654,77,62.518502
-1.088848,45,63.30732
-1.135384,112,64.621266
-1.109523,57,65.45513
-1.052907,22,66.027747
-1.098311,49,66.812201
-1.20337,108,68.088654
-1.028306,13,68.581183
-1.268548,81,69.583891
-1.019812,34,70.276816
-1.040571,20,70.88418
-0.604254,126,72.734055
-1.099147,51,73.676623
-1.04165,24,74.303242
-0.308186,155,76.423351
-1.068444,66,77.482537
-1.058183,28,78.18312
-1.10576,47,79.011932
-1.055628,24,79.662077
-1.054939,31,80.437531
-1.043446,27,81.254488
-1.143872,74,82.449698
-1.213526,58,83.363142
-1.036896,20,84.02227
-1.049618,29,84.768381
-1.075895,36,85.63727
-1.048091,23,86.328231
-1.05546,33,87.074372
-1.04609,29,87.764508
-1.144046,101,89.570766
-1.064227,43,90.360047
-1.028538,14,90.863577
-0.882453,68,91.771856
-1.100303,54,92.70134
-1.030407,18,93.295895
-1.043305,61,94.188132
-1.254403,87,95.366388
-1.139537,54,96.216732
-1.153685,72,97.204704
-1.090727,52,98.014787
-1.234181,123,99.461484
-1.155104,47,100.245868
-1.050866,33,100.892741
-1.527415,100,102.093735
-1.100316,51,102.903754
-1.049933,23,103.465211
-1.207458,113,104.766783
-1.025881,15,105.270865
-1.037558,20,105.787786
-1.056522,28,106.386649
-1.035784,24,106.942902
-1.039701,26,107.517633
-1.067372,48,108.287426
-1.037047,22,108.844721
-1.037401,22,109.39858
-1.103408,44,110.126442
-1.187767,54,110.979029
-1.050776,30,111.585421
-1.120416,43,112.313685
-1.043578,21,112.855218
-1.16475,84,113.886019
-1.11174,68,114.859357
-1.052566,42,115.597356
-1.109154,67,116.532144
-1.192306,78,117.542889
-1.104817,39,118.257171
-1.030523,24,118.8332
-1.097026,54,119.656205
-1.035552,55,120.505314
-1.030967,14,121.007419
-1.056103,27,121.577231
-1.087923,48,122.343714
-1.045091,20,122.875578
-1.025628,25,123.436406
-1.117764,42,124.156883
-1.099533,53,124.986442
-1.049545,23,125.559751
-1.323988,42,126.31062
-1.046976,22,126.883289
-1.225897,140,128.399949
-1.084874,28,129.002348
-1.022005,12,129.463578
-1.090426,48,131.294657
-1.103706,60,132.206751
-1.219908,65,133.118506
-1.06366,36,133.780559
-1.125208,59,134.648536
-1.148656,57,135.493832
-1.076983,43,136.218064
-1.069159,41,136.954836
-1.084875,63,137.827965
-1.294354,68,138.78103
-1.126275,54,139.600414
-1.070794,35,140.276147
-1.124802,72,141.234358
-1.050016,34,141.88362
-1.042984,25,142.462108
-1.030101,18,142.961236
-1.056763,29,143.54035
-1.059573,31,144.161223
-1.0695,37,144.842528
-1.037387,20,145.375238
-1.070707,35,146.023365
-1.108705,56,146.85535
-1.036904,18,147.371769
-1.12504,36,148.029152
-1.097685,51,148.817467
-1.043622,27,149.40137
-1.082193,50,150.180073
-1.229047,54,150.992563
-1.112839,46,151.739141
-1.035188,20,152.293245
-1.037672,22,152.85656
-1.111881,33,153.485492
-1.053537,32,154.109182
-1.035556,22,154.655348
-1.046306,35,155.301948
-1.058063,27,155.893017
-0.977397,66,156.794961
-1.131169,57,157.691423
-1.160338,67,158.681719
-1.03248,31,159.323493
-1.080688,43,160.044067
-1.0321,20,160.585721
-1.034078,24,161.133878
-1.063794,35,161.774338
-1.050052,28,162.375488
-1.076023,53,163.160229
-1.130345,62,164.020145
-1.10891,47,164.759032
-1.018491,12,165.213969
-1.137228,74,166.135771
-1.115819,80,167.151778
-1.082075,48,167.903536
-1.025266,15,168.403213
-1.082449,51,169.15364
-1.07388,42,169.851591
-1.283035,64,170.743838
-1.100526,40,171.435301
-1.313941,77,172.448138
-1.131515,56,173.273006
-1.049986,24,173.840441
-1.050516,28,174.43796
-1.212995,100,175.601803
-1.129606,73,176.60203
-1.061085,35,177.258979
-1.124243,46,177.996337
-1.102578,64,178.889451
-1.036515,23,179.447933
-1.047742,34,180.091552
-1.033907,17,180.605824
-1.181836,89,181.69671
-1.093293,47,182.479698
-1.253535,100,183.699347
-1.044239,22,184.270722
-1.119055,64,185.20089
-1.066535,34,185.866729
-1.061942,38,186.543571
-1.035804,18,187.048407
-1.090531,46,187.766133
-1.192632,106,189.023972
-1.027373,14,189.519847
-1.118387,60,190.371091
-1.119195,75,191.365971
-1.069686,32,192.020428
-1.042422,22,192.570918
-1.050054,29,193.154065
-1.043856,89,194.242684
-1.254777,77,195.254344
-1.712351,157,196.987081
-1.08063,32,198.701634
-1.080663,53,199.550958
-1.14182,43,200.2759
-1.098344,48,201.024635
-1.035931,18,201.532412
-1.144531,75,202.519885
-1.30969,108,203.773952
-1.074966,43,204.510393
-1.120859,95,205.658195
-1.040866,24,206.243009
-1.061336,33,206.872397
-1.096451,51,207.635294
-1.20708,80,208.670205
-1.107033,50,209.45243
-1.028784,13,209.937768
-1.064308,38,210.604747
-1.035015,22,211.142985
-1.058408,55,211.986115
-1.033164,21,212.540764
-1.052108,27,213.120383
-1.070223,35,213.766609
-1.320594,101,214.978226
-1.070846,132,216.475407
-1.061826,69,217.408434
-1.064096,37,218.085155
-1.098657,61,218.948306
-1.068407,38,219.625888
-1.152082,78,220.653007
-1.426657,109,221.930482
-1.133215,47,222.699872
-1.090901,46,223.43785
-1.063931,41,224.267478
-1.069259,36,224.960935
-1.053921,26,225.537917
-1.05744,31,226.172261
-1.209338,72,227.142479
-1.04338,25,227.718793
-1.082331,40,228.493106
-1.055745,31,229.20522
-1.393421,72,230.182224
-1.506688,98,231.372997
-1.115741,43,232.106605
-1.103308,51,232.888312
-1.354313,81,233.915052
-1.077625,30,234.552159
-1.036083,24,235.12453
-1.052838,29,235.72448
-1.053599,29,236.3279
-1.05684,30,237.004447
-1.066723,36,237.791988
-1.337805,130,239.614891
-1.030983,15,240.168129
-1.148635,57,241.134996
-1.178997,80,242.202257
-1.038016,21,242.717249
-1.113827,62,243.511512
-1.130803,71,244.368671
-1.247189,74,245.254703
-1.256927,105,246.390684
-1.210754,129,247.681629
-1.01624,37,248.315746
-1.117417,64,249.273075
-1.113873,56,250.131412
-1.082549,34,250.811537
-1.046865,26,251.4254
-1.039222,29,252.142231
-1.061919,90,253.673492
-1.397255,92,255.148305
-1.047395,27,256.047747
-1.13621,82,257.86359
-1.834342,154,259.917568
-1.036481,17,260.559649
-1.026746,14,261.101992
-1.048929,138,262.824471
-1.054293,31,264.613481
-1.040106,20,265.148139
-1.114282,60,265.948428
-1.116021,58,266.763261
-1.056884,33,267.350048
-1.196794,78,268.263161
-1.183185,127,269.526427
-1.083007,45,270.247292
-1.04184,21,270.742702
-1.030447,16,271.185356
-1.105444,71,272.105358
-0.970491,121,273.549498
-1.104129,53,274.569234
-1.051101,29,275.146386
-1.255596,109,276.282186
-1.040558,23,276.808972
-1.293877,127,278.139488
-1.022716,173,279.876113
-1.223495,107,281.060202
-1.076677,80,282.039493
-1.096314,39,282.713625
-1.082805,46,283.397718
-1.33217,91,284.418503
-1.047882,23,284.944388
-1.051718,36,285.545516
-1.141338,60,286.346251
-1.163085,88,287.369493
-1.077644,39,288.030796
-1.160328,77,288.977956
-1.106066,45,289.667445
-1.226474,88,290.766273
-1.072316,35,291.380692
-1.068512,34,291.988634
-1.065612,32,292.572476
-1.126174,54,293.305638
-1.044431,22,293.809761
-1.061229,32,294.397604
-1.115435,73,295.293269
-1.108177,55,296.086855
-1.074434,37,296.715005
-1.169185,85,297.707811
-1.178227,95,298.79404
-1.048982,24,299.323066
-1.604427,127,300.641189
-0.951862,75,301.550877
-1.092955,46,302.227417
-1.038797,53,302.9694
-1.136445,103,304.152452
-1.122603,102,305.284235
-1.175971,68,306.153692
-1.066879,39,306.808384
-1.054186,32,307.396959
-1.048285,27,307.941123
-1.091232,46,308.638151
-1.085844,53,309.375476
-1.066544,35,310.007432
-1.064762,33,310.612312
-0.929891,58,311.384941
-1.042188,22,311.902965
-1.084775,44,312.584916
-1.113149,49,313.29183
-1.054655,34,313.887728
-1.06137,31,314.461381
-1.08486,45,315.124824
-1.165118,91,316.193857
-1.079415,45,316.89715
-1.03747,22,317.40125
-1.049707,25,317.917839
-1.013721,33,318.497945
-1.058035,24,319.023301
-0.820546,75,319.891705
-1.041687,35,320.494358
-1.09335,35,322.006541
-1.03217,47,322.761774
-1.027648,15,323.235883
-1.007243,113,324.432343
-1.13093,53,325.16489
-1.073777,33,325.767684
-1.271505,136,327.130827
-1.189505,75,328.105161
-1.837267,138,329.603192
-1.166034,58,330.420774
-1.046638,42,331.068984
-1.08476,66,331.879977
-1.054349,30,332.461274
-1.165236,115,333.653505
-1.053075,28,334.22999
-0.976407,146,335.727986
-1.013109,36,336.377989
-1.053605,37,337.002035
-1.074344,36,337.62809
-1.429581,135,339.050676
-1.041293,19,339.652486
-1.07985,39,340.446485
-1.147188,80,341.694274
-1.292693,64,342.617656
-1.038299,20,343.116429
-1.038402,25,343.62272
-1.307507,97,345.007617
-1.325683,102,346.759833
-0.895765,93,347.984575
-1.122513,68,348.922449
-1.052597,26,349.515093
-1.075298,55,350.356586
-0.976236,156,352.127704
-1.111793,58,352.97285
-1.059758,29,353.580739
-1.269441,93,354.845602
-1.029156,18,355.458673
-1.071294,30,356.162255
-1.202037,61,357.022256
-1.143905,57,357.913966
-1.679961,186,359.883538
-1.062602,66,360.810889
-1.046058,24,361.451822
-1.579479,158,363.137106
-1.094185,44,363.817848
-1.46788,152,365.31371
-1.133197,71,366.21414
-1.111098,41,366.890544
-1.053847,27,367.433602
-1.187049,83,368.460419
-0.981766,63,369.288669
-1.106435,59,370.069157
-1.028679,16,370.544885
-1.060386,42,371.20524
-1.059831,37,371.823585
-1.109365,50,372.526555
-1.113124,59,373.284408
-1.085717,40,373.900304
-1.029439,16,374.356887
-1.098098,45,374.996652
-1.163745,52,375.697335
-1.091722,45,376.366821
-2.000401,110,377.517947
-1.289058,110,379.595579
-1.121705,55,380.361229
-1.055433,28,380.897494
-1.108627,93,381.91182
-1.102064,36,382.5224
-1.197587,87,383.507673
-1.139132,69,384.36633
-0.914307,100,385.438462
-1.167568,70,386.295802
-1.109542,55,387.064041
-1.044032,21,387.596084
-1.006495,76,388.545707
-1.024675,16,389.102681
-1.123619,70,389.990145
-1.333281,139,391.462744
-3.097889,496,396.138641
-1.065092,33,396.829127
-1.136036,67,397.640689
-1.575847,104,398.739607
-1.031915,17,399.207061
-1.028903,15,399.736402
-1.118788,58,400.546794
-1.094761,37,401.194868
-0.875404,74,402.125587
-1.127242,70,403.090366
-1.134247,67,404.10479
-1.21093,118,405.615517
-1.023609,14,406.175344
-1.070837,54,406.96107
-1.268389,113,408.357246
-1.354798,94,409.461334
-1.040671,21,409.99104
-1.089431,40,410.631953
-1.119142,72,411.506243
-1.052844,29,412.081162
-1.058689,29,412.644016
-1.069123,43,413.325126
-1.071539,32,413.946639
-1.151124,58,414.787328
-1.053426,27,415.34967
-1.471595,100,416.456516
-1.112013,56,417.226708
-1.126153,66,418.089238
-1.057746,32,418.696198
-1.205122,78,419.711933
-1.127238,57,420.530341
-1.072833,43,421.203639
-1.100703,42,421.900998
-1.054033,28,422.469449
-1.146558,87,423.525118
-1.032074,23,424.131051
-1.029604,18,424.62305
-1.232155,98,425.68298
-1.617534,144,427.155166
-1.072895,36,427.75708
-1.105288,70,428.725823
-1.036303,19,429.275544
-1.040983,25,429.898894
-1.417032,137,431.415282
-1.34727,174,433.147993
-1.08456,47,434.896049
-0.643972,111,436.315137
-1.048472,28,437.314142
-1.105821,33,438.180967
-1.053319,35,438.935995
-1.05191,25,439.604049
-1.145908,89,440.751015
-1.099465,54,441.710788
-1.066366,32,442.447309
-1.040375,31,443.060365
-1.04554,22,443.579443
-1.069124,39,444.222053
-1.058726,79,445.250511
-1.091965,44,445.946594
-1.19345,99,447.065478
-1.148554,65,448.028173
-1.049983,30,448.64645
-1.044904,27,449.263769
-1.104763,123,450.750373
-1.072411,47,451.487211
-1.059021,101,452.614086
-1.186189,52,453.603033
-1.08402,36,454.50379
-1.033763,43,455.342468
-1.058019,32,456.078499
-1.868574,168,458.182372
-1.069862,38,458.988002
-1.839412,149,460.868829
-0.954945,78,462.10296
-1.006489,72,463.230693
-1.179436,64,464.244971
0.790593,122,465.597552
-1.060702,43,466.339797
-1.04823,37,467.078196
-0.929292,119,468.546781
-1.058654,33,469.206422
-1.04635,22,469.780595
-1.319948,143,471.453182
-1.163612,85,472.57754
-1.086173,40,473.302495
-1.187594,89,474.357666
-1.381441,76,475.318041
-1.047395,24,475.8581
-1.049987,62,476.671475
-1.106974,52,477.394267
-1.094009,46,478.088491
-1.046559,23,478.603133
-1.585149,113,479.786369
-1.056181,53,480.572454
-1.213184,224,482.691708
-1.02596,17,483.184763
-1.055352,27,483.709789
-1.423889,152,485.240303
-1.173537,53,485.983275
-1.143048,71,486.868241
-1.149792,82,487.841342
-1.053027,27,488.405609
-1.101042,50,489.12682
-1.059629,68,489.99829
-1.101949,44,490.681051
-1.313161,132,492.063302
-2.428238,251,495.508719
-1.121499,47,496.34927
-1.212871,103,497.538272
-1.070017,35,498.190001
-1.080022,41,498.86489
-2.129934,414,502.538487
-0.952405,66,503.405254
-1.063977,28,503.963634
-1.108898,57,504.713446
-1.284691,97,505.790739
-1.167694,182,508.323435
-1.282541,142,510.022363
-1.210614,98,511.370689
-1.315532,142,513.073827
-1.136468,68,514.211033
-1.182195,143,515.914901
-1.386577,123,517.350454
-1.029844,97,518.551965
-1.10158,46,519.318722
-1.17123,74,520.333511
-1.089456,50,521.11659
-1.029948,20,521.649258
-1.099105,51,522.468018
-0.945868,95,523.609432
-1.358276,162,525.368049
-1.119957,115,526.735077
-1.067723,32,527.367372
-1.401276,148,528.989225
-1.169464,73,529.992688
-1.036931,23,530.581112
-1.197283,90,531.677405
-1.374004,117,533.035842
-1.089444,40,533.752775
-1.153213,86,534.844529
-1.034049,20,535.390646
-1.032943,20,535.914828
-1.268887,164,537.696223
-1.03496,18,538.234631
-1.47675,144,540.023374
-1.039318,25,540.641719
-0.936997,107,541.861246
-0.992683,188,543.844997
-1.080808,41,544.607326
-1.089714,47,545.35149
-1.06768,48,546.112369
-1.253206,84,548.303154
-1.056646,34,548.977358
-1.185528,74,549.95217
-1.343963,90,551.063577
-1.334687,94,552.21913
-1.188192,90,553.324877
-1.094331,44,554.086431
-1.202683,62,554.96024
-1.581592,129,556.423686
-1.264099,111,557.726362
-1.105647,51,558.568116
-1.103475,62,559.568635
-1.26581,120,560.98752
-2.126746,187,563.019253
-1.110248,44,563.776546
-1.118805,73,564.77862
-1.042168,20,565.324893
-1.131744,88,566.412762
-1.172819,62,567.286019
-1.105554,50,568.067462
-1.433725,146,569.672786
-1.049488,23,570.250137
-2.505917,416,574.294041
-1.043543,24,574.925824
-1.565412,217,577.18037
-1.180883,66,578.143121
-1.51158,171,579.965319
-1.037962,19,580.520407
-1.094384,67,581.41669
-1.214549,84,582.50311
-1.116822,42,583.218159
-1.109644,97,584.393009
-1.056338,32,585.028151
-1.120987,43,585.748996
-1.635821,269,588.580557
-1.230213,129,590.036038
-1.269991,90,591.162846
-1.037761,18,591.711055
-1.008282,80,592.761698
-1.057217,52,593.560103
-1.525207,108,594.839165
-2.061145,358,598.322407
-1.071475,32,600.051838
-1.071471,134,601.618911
-1.148852,69,602.588006
-1.308322,188,604.586957
-1.071582,176,606.471974
-1.362136,86,607.555824
-1.215234,113,608.887388
-1.147256,61,609.763875
-1.130397,64,610.671079
-2.104366,155,612.428325
-1.226685,94,613.575133
-1.35461,174,615.425972
-1.106173,48,616.206131
-1.138036,54,617.028867
-1.066725,39,617.773981
-1.167222,82,618.84056
-1.136012,97,620.023091
-1.981681,258,622.60624
-1.134271,47,623.377176
-1.255846,136,624.90202
-1.176744,88,626.017629
-1.032645,35,626.690529
-1.176009,79,627.694023
-1.085202,44,628.439802
-1.554877,211,630.601341
-1.056837,56,631.434189
-0.842081,147,633.061804
-1.162097,159,634.806207
-1.031015,17,635.323166
-1.231673,95,636.477427
-1.261726,109,637.825249
-1.057646,93,639.009555
-1.072669,55,639.829685
-1.085178,59,640.805715
-1.486845,246,643.297863
-1.067544,43,644.031591
-0.679777,117,645.410667
-1.139542,122,646.795654
-1.051587,26,647.399801
-1.550749,151,649.072965
-1.016441,116,651.575734
-0.932216,173,653.429524
-1.217031,63,654.3433
-0.921089,77,655.36784
-1.073591,33,656.080297
-1.303951,75,657.075371
-1.040214,20,657.616263
-1.1416,60,658.468008
-0.968304,42,659.172752
-1.091484,40,659.860733
-1.138511,72,660.835162
-1.166576,72,661.789678
-1.147155,73,662.765851
-0.650228,143,664.409707
-1.075868,41,665.118458
-1.83271,365,668.655926
-1.094735,47,669.419634
-1.180628,76,670.434318
-1.165713,101,671.678121
-1.407811,100,672.884655
-1.404205,92,674.011799
-1.585929,265,676.660337
-1.091998,47,677.445599
-1.309734,168,679.252645
-1.090821,36,679.921582
-1.091915,52,680.716349
-1.263506,108,681.982722
-1.447342,219,684.226758
-1.187795,144,685.789188
-1.180914,88,686.90367
-1.058843,33,687.544362
-1.214092,68,688.484827
-1.140078,63,689.36327
-1.19485,100,690.6225
-1.142017,75,691.618293
-0.901902,110,692.932732
-0.980041,106,694.198421
-1.043383,25,694.789395
-1.135187,70,695.710873
-1.080138,38,696.409284
-1.108189,51,697.180509
-1.01497,188,699.231317
-1.374895,238,702.749158
-1.046304,24,703.385348
-1.14914,54,704.176674
-1.122933,66,705.133126
-1.047498,29,705.796492
-0.909783,134,707.273356
-1.167228,76,708.301797
-1.067847,32,708.965112
-1.169412,75,709.942926
-1.135878,63,710.858402
-1.035854,84,711.936238
-1.046698,21,712.508217
-0.914964,114,713.780003
-1.110619,35,714.47538
-1.454432,165,716.348807
-1.049487,41,717.064193
-1.04771,30,717.670109
-1.120352,50,718.465015
-1.049524,28,719.065555
-1.273997,87,720.158384
-1.228994,103,721.433674
-1.086332,36,722.122837
-1.120344,61,722.997847
-1.108556,53,723.833691
-1.13211,118,725.21869
-1.05203,59,726.086152
-1.352116,120,727.438614
-1.14176,75,728.469766
-0.605195,112,729.942916
-1.208223,84,731.009324
-1.208268,63,731.900054
-1.138343,64,732.809163
-1.185164,97,734.03785
-1.140028,45,734.789709
-1.09006,48,735.554776
-1.274814,124,736.989939
-1.248126,126,738.444292
-1.23471,148,740.101395
-1.041727,24,740.683649
-1.228094,92,741.872698
-1.052705,26,742.480164
-1.251991,124,743.863107
-1.317762,199,745.938768
-1.14427,75,746.942858
-0.93188,151,748.577527
-1.089313,132,750.060097
-1.197234,62,750.950642
-1.033148,98,752.194696
-1.182711,85,753.263029
-1.612739,145,754.876583
-1.068031,174,757.900249
-1.101994,109,759.340374
-1.309535,256,761.880646
-1.080521,57,762.731783
-1.055207,71,763.666253
-1.354651,114,765.004452
-2.536468,190,767.012457
-1.113661,50,767.848974
-1.026322,83,768.938954
-1.271121,102,770.186083
-0.993093,100,771.419273
-1.209858,114,772.765595
-1.007448,287,775.616716
-1.11148,58,776.487322
-1.194015,83,777.567825
-1.073214,52,778.409419
-1.270817,98,779.598702
-1.14592,96,780.795089
-1.057314,46,781.548009
-1.758113,281,784.356419
-0.813653,78,785.382663
-1.097832,47,786.162658
-1.100774,45,786.888718
-1.062425,41,787.573369
-1.020025,13,788.051484
-1.049799,30,788.667844
-1.079688,46,789.398981
-1.22131,93,790.547569
-1.350956,129,791.996386
-1.471479,182,794.021385
-1.079487,33,794.689328
-1.476236,97,795.873195
-1.156069,93,797.031641
-1.083875,101,798.256861
-1.219652,106,799.557052
-1.182732,144,801.167184
-1.05075,33,801.810201
-1.160403,188,803.752571
-1.11791,52,804.56949
-1.137145,81,805.626197
-1.081792,45,806.395384
-1.127104,58,807.241501
-1.083165,39,808.092403
-1.306238,83,810.321324
-1.070356,43,811.074534
-0.937725,63,811.967186
-1.295279,114,813.297258
-0.992627,197,815.426862
-1.136345,94,816.615701
-0.968302,136,818.141369
-1.100618,81,819.242668
-1.047781,24,819.824074
-1.392675,87,820.934134
-1.221207,119,822.483589
-1.616667,174,824.387926
-1.081845,49,825.172743
-1.177535,86,826.27564
-1.099897,38,827.034639
-1.159705,136,828.615454
-0.906122,87,829.760813
-1.503828,235,832.174584
0.034245,298,835.165408
-1.08623,49,835.956647
-1.06223,66,836.917228
-1.094096,45,837.663162
-0.533986,181,839.569019
-1.092345,45,840.344497
-1.104253,87,841.433256
-0.37365,114,842.792758
-1.167643,67,843.740312
-1.480563,115,845.175131
-1.544261,241,847.730487
-1.593921,119,849.168581
-1.060177,30,849.801879
-0.817265,82,850.862323
-1.19392,85,851.97041
-1.049438,33,852.639349
-1.050877,54,853.443805
-1.086318,52,854.25776
-1.109189,58,855.112544
-0.644338,293,858.065766
-1.139482,75,859.10413
-1.057476,78,861.249956
-1.166677,57,862.146504
-1.3273,93,863.316407
-1.04969,25,863.926049
-1.131483,75,864.96149
-1.025547,14,865.472704
-1.706442,154,867.152263
-1.153,72,868.12461
-1.246746,74,869.114784
-1.068931,34,869.773819
-1.068406,49,870.578093
-0.995563,155,872.340128
-1.103692,56,873.241463
-1.113165,89,874.422059
-1.150311,55,875.257874
-1.068946,52,876.072986
-1.196036,88,877.205863
-1.204592,124,878.674468
-1.05043,28,879.293753
-2.834584,462,883.746746
-1.025052,55,884.715535
-0.815056,152,886.833938
-1.041118,49,887.853982
-1.18036,95,889.230808
-1.136671,63,890.265449
-1.204151,58,891.342289
-1.047783,56,892.210989
-1.070742,40,892.937971
-2.228162,243,895.436874
-2.108088,121,896.907646
-1.202792,85,897.993493
-1.106246,52,898.811713
-1.161645,139,900.411385
-1.077386,39,901.120787
-1.419463,203,903.262486
-1.364738,163,905.052238
-1.13156,64,905.963618
-1.063422,50,906.752215
-1.274809,116,908.089674
-1.097744,154,909.792442
-1.294278,103,911.054698
-1.252941,103,912.340878
-1.165259,76,913.355579
-1.159256,72,915.432472
-1.160464,79,916.521443
-0.938519,131,917.997332
-1.387768,108,919.296695
-1.386926,92,920.475803
-1.191787,101,921.700313
-1.16003,61,922.601097
-0.867425,98,923.854561
-1.116242,65,924.792566
-1.130091,69,925.716783
-1.41407,386,929.528134
-1.150156,63,930.449775
-1.291046,139,932.011565
-0.900089,201,934.155921
-1.52938,151,935.850998
-1.068874,46,936.635463
-1.124206,62,937.5423
-1.146527,72,938.539853
-1.177834,64,939.448217
-0.475828,257,942.012157
-0.700778,83,943.111457
-1.690459,155,944.827613
-1.431307,207,946.975932
-1.094173,45,947.745474
-1.129426,77,948.767417
-1.15433,281,951.697127
-1.157308,67,952.638638
-1.04296,37,953.310108
-1.022461,158,955.041044
-1.114614,93,956.206809
-1.329477,247,958.752636
-1.199722,56,959.622196
-1.213264,60,960.498099
0.770363,221,962.75895
-1.011906,181,965.836418
-1.090351,151,967.495231
-1.068264,39,968.200671
-1.067754,33,968.849045
-0.775001,153,970.505769
-1.244795,82,971.578816
-1.04443,24,972.171656
-0.906384,164,973.947159
-1.526301,223,976.294972
-1.592914,266,979.035221
-1.489357,146,980.684249
-1.569332,179,982.599091
-0.627169,145,984.26058
-0.951083,106,985.530398
-1.133742,77,986.55826
-2.016759,161,988.321467
-1.161728,57,989.193656
-1.063684,39,989.98598
-1.140854,53,990.785792
-1.167429,88,991.89335
-1.31042,144,993.498916
-1.047994,69,994.477561
-1.420224,124,995.922326
-1.247456,90,997.079424
-1.485918,232,999.423104
-1.146906,69,1000.380214
-1.996068,186,1002.386502
-1.039888,92,1003.526537
-1.504173,153,1005.159504
-1.123222,190,1007.158823
-1.090225,303,1010.509495
-0.988834,90,1011.708724
-1.028558,16,1012.257234
-1.065599,36,1014.161359
-2.208576,206,1016.655453
-1.144996,64,1017.695173
-1.416852,164,1019.615143
-1.261688,115,1021.040125
-1.160521,96,1022.280683
-1.078023,57,1023.180118
-1.548801,175,1025.19476
-1.277909,189,1027.519172
-0.957454,84,1028.67309
-1.64579,148,1030.485927
-1.125368,48,1031.349436
-1.714554,77,1032.430068
-1.878722,149,1034.35959
-1.088979,62,1035.331144
-0.633874,210,1037.845887
-0.309385,105,1039.191896
0.031991,189,1041.716539
-1.244709,189,1044.113264
-1.048967,27,1044.789943
-0.696181,146,1046.430117
-1.151273,53,1047.493294
-1.483356,177,1050.223394
-0.755239,129,1051.872894
-0.87154,109,1053.165155
-1.16836,81,1054.290842
-1.206752,107,1055.584898
-0.898222,191,1057.775997
-1.203916,88,1059.077321
-1.096291,53,1059.994181
-1.027794,31,1060.774932
-0.975856,57,1061.719725
-1.219586,107,1063.093274
-0.121145,142,1064.729328
-1.137459,97,1065.978544
-2.048164,184,1069.213489
-1.089656,75,1070.27586
-1.459369,76,1071.360526
-1.117113,59,1072.224483
-1.193229,143,1073.632026
-0.165355,225,1075.735249
-1.19695,204,1077.706213
-1.065509,34,1078.322445
-2.128072,215,1080.266321
2.255495,263,1082.653103
-1.050313,107,1083.799469
-1.677076,310,1086.529348
-1.025702,119,1087.784048
-0.180032,222,1089.815554
-1.131858,126,1091.099197
-1.146871,64,1091.904215
-1.04599,22,1092.414851
-1.035753,130,1093.734694
-0.944919,149,1095.193363
-1.032026,20,1095.698158
-1.084503,36,1096.3016
-1.106733,50,1096.996589
-1.149213,105,1098.105025
-1.021618,192,1099.884274
-1.203698,63,1100.701354
-0.915317,196,1102.556839
-1.059151,34,1103.188554
-1.163629,114,1104.373222
-0.826189,105,1105.487837
-1.124263,54,1106.23027
-1.308587,96,1107.282225
-1.423481,125,1108.570266
-1.851146,174,1110.240613
-1.112144,65,1111.063671
-1.699829,227,1114.152956
-0.973367,84,1115.125941
-1.087101,76,1116.022283
-1.037421,27,1116.571841
-1.060736,44,1117.216774
-1.157941,47,1117.889267
-1.116156,79,1118.806751
-1.249777,85,1119.767352
-1.098846,60,1120.558344
-1.323671,169,1122.156329
-1.415108,189,1123.919255
-1.045523,24,1124.454298
-1.361494,240,1126.634389
-1.117485,63,1127.43628
-1.230452,130,1128.794624
-1.208901,81,1129.757574
-1.127824,94,1130.870297
-0.319217,192,1132.738972
-1.74205,190,1134.574101
-1.055924,96,1135.620386
-1.142458,88,1136.625337
-1.436109,214,1138.577617
-1.19279,304,1141.263443
-1.793325,185,1143.023674
-0.718147,98,1144.093821
-1.048082,54,1144.838324
-3.680916,759,1151.015882
-1.352226,135,1152.388053
-1.829572,151,1153.862538
-1.182217,301,1157.520606
-0.724679,88,1158.528113
-1.112898,90,1159.528823
-1.156071,203,1161.403689
-1.355765,198,1163.245051
-1.070528,61,1164.03573
-1.057908,143,1165.437122
-1.381793,112,1166.620584
-1.589303,135,1167.954836
-1.011001,239,1170.116444
-0.691984,171,1171.741868
-1.090371,59,1172.561996
-1.577816,196,1174.424948
-1.072097,41,1175.078807
-1.241438,377,1178.293096
-1.28655,76,1179.19382
-1.14357,62,1179.98384
-0.679684,521,1184.33705
-1.074506,57,1185.105504
-0.822423,198,1186.937723
-0.469525,201,1188.841907
-1.430767,230,1190.960945
0.010577,242,1193.139766
-1.079025,45,1193.824953
-1.156207,178,1196.49876
-0.051191,222,1198.538795
-1.192128,143,1199.969686
-1.003307,52,1200.706099
-1.069025,53,1201.42332
-1.081302,36,1202.02809
-1.347112,112,1203.178023
-1.106921,96,1204.236421
-1.243765,124,1205.497224
-1.22558,66,1206.382511
-1.069964,164,1207.964431
-1.280596,162,1209.534667
-1.073919,72,1210.424445
-1.041318,21,1210.939604
-1.043448,33,1211.513535
-0.541236,129,1212.834552
-1.696909,519,1217.142702
-1.052481,39,1217.767061
-1.111883,189,1219.526114
-1.676189,124,1220.810205
-1.128261,55,1221.549875
-0.954226,208,1223.458705
-1.389662,156,1224.989321
-1.467223,134,1226.342519
-1.326814,123,1227.648872
-1.411766,226,1229.697184
-1.065113,37,1230.329935
-1.070337,59,1231.091168
-1.223684,223,1233.158572
-1.071263,48,1233.852855
-1.100801,53,1234.586123
0.243874,152,1236.083624
-1.236974,111,1237.250392
-0.871381,91,1239.226946
-1.454587,100,1240.341138
-1.061224,211,1242.298428
-1.441413,73,1243.180729
-2.648707,223,1245.215599
-1.345056,129,1246.506431
-1.012357,74,1247.402816
-1.19949,76,1248.311625
-1.462376,177,1249.981428
-1.043169,24,1250.515629
-1.058795,25,1251.031785
-0.687936,265,1253.363411
0.233515,490,1257.438064
-0.102991,154,1258.976639
-1.103041,57,1259.732298
-1.050392,77,1260.650862
-1.098849,253,1262.935281
-1.151518,75,1263.826098
-1.2671,112,1265.0018
-0.44712,254,1267.271079
-1.47962,638,1272.500153
-1.443115,230,1274.601223
-2.300423,239,1276.765573
-0.491046,282,1280.234145
-0.805429,120,1281.495613
-1.100786,85,1282.481699
-1.033498,129,1283.830914
-1.103653,69,1284.707046
-1.135914,111,1285.862773
-1.10851,52,1286.592233
-1.312025,275,1288.99669
-1.14546,82,1289.943048
-0.87443,87,1290.926472
-0.960144,79,1291.866417
-1.129451,64,1292.696198
-1.213274,154,1294.187374
-1.310152,168,1295.77673
-0.97256,107,1296.927766
-0.742616,131,1298.216538
-1.955553,273,1300.602895
-0.661923,121,1301.870157
-1.469139,250,1304.110075
-1.095969,201,1305.982833
-1.189158,91,1307.007863
-0.017506,177,1308.750313
-1.313567,128,1310.083484
-1.769541,262,1312.44526
-1.117733,304,1315.140796
-1.050373,58,1315.904501
-0.60373,220,1317.915462
-1.102039,92,1318.945461
-1.096274,57,1320.689228
-1.171004,78,1321.620092
-1.408237,210,1323.57309
-1.310676,129,1324.87308
-1.075045,36,1325.473942
-1.198517,87,1326.447761
-0.964558,113,1327.643975
-2.718863,477,1331.605382
-1.496591,197,1333.448291
-0.768984,356,1336.610596
-0.431056,202,1338.460178
-1.115895,142,1339.872271
-1.164962,98,1340.941321
-0.949025,48,1341.625427
-0.522219,175,1343.271666
-1.612138,189,1345.03564
-0.867425,325,1347.826155
-1.486102,197,1349.687196
-1.399334,255,1351.94346
-0.531436,147,1353.375537
-0.970719,352,1356.377771
-1.124356,70,1357.230297
-2.070275,181,1359.87166
-1.020619,109,1361.124395
-1.19957,136,1362.464076
-1.072705,148,1363.902495
-1.59032,263,1366.266757
-1.081893,61,1367.061014
-1.107204,60,1367.830014
-1.283814,101,1368.923056
-2.860911,376,1372.16885
-1.472275,93,1373.209559
-1.194342,71,1374.083335
-1.058022,68,1374.927406
-1.066727,41,1375.567421
-1.028659,234,1377.706366
-1.154624,65,1378.537458
-0.009757,361,1381.632778
-1.438789,119,1382.871864
-0.803827,192,1384.691399
-1.389829,116,1385.935751
-2.868398,317,1388.722296
-1.034865,23,1389.24324
-1.145051,133,1390.553997
-1.024602,16,1391.021042
-0.309848,303,1393.67038
-1.402426,215,1395.678307
-1.249546,162,1397.232312
-1.138731,80,1398.168671
-1.186555,154,1399.69912
-0.428836,189,1402.457594
-1.108089,66,1403.293553
-0.693083,206,1405.193988
-1.598784,96,1406.256305
1.139495,527,1410.624993
-1.58842,159,1412.222215
-1.94417,400,1415.588273
-1.432897,249,1417.818116
-0.903727,217,1419.802482
-0.505868,216,1421.798415
-0.259248,184,1423.556979
-1.129923,49,1424.269902
-1.51405,261,1426.577101
-1.080567,37,1427.18888
-1.21967,113,1428.362398
-1.144511,90,1429.37383
-1.59974,268,1431.738896
-0.674702,115,1432.95679
-1.092868,44,1433.657766
0.059384,608,1439.066989
-1.134897,106,1441.249748
-1.061666,27,1441.816644
-0.949051,91,1442.822661
-1.208719,166,1444.529472
-1.114182,80,1445.444553
-1.29477,134,1446.773707
-0.606801,101,1447.840035
-0.76979,75,1448.741014
-1.155016,67,1449.560875
-1.443439,348,1452.532067
-1.118049,59,1453.303559
-1.382875,115,1454.486838
-1.039861,190,1456.238744
-1.057026,147,1457.680042
-1.700131,430,1461.269228
-1.161542,124,1462.595753
-0.655839,234,1464.689515
1.782048,338,1467.556576
-1.01935,81,1468.496852
-1.195297,69,1469.32638
-0.008166,252,1471.598583
-1.330073,167,1473.261932
-1.240573,229,1475.311969
-1.113586,46,1475.990235
-1.66174,184,1477.721466
-1.05691,44,1478.401324
-1.276702,236,1480.52027
-0.680483,245,1483.676461
-0.927709,203,1485.510458
-1.561094,156,1487.009869
-1.029269,221,1489.052393
-1.062292,47,1489.732275
-0.133852,236,1491.824227
-1.154272,299,1494.467495
-0.693691,229,1496.515661
0.157489,232,1498.577691
-1.412165,278,1501.009621
-1.057881,308,1503.65331
0.561251,290,1506.140322
-0.321507,214,1508.061705
-1.1848,192,1509.818394
-0.850607,250,1512.023276
-0.580103,291,1514.596758
-1.220778,126,1515.881081
-1.472407,366,1519.928306
-1.440528,223,1521.949327
0.660909,581,1526.671013
-1.216765,123,1527.903093
-1.386212,167,1529.49323
-1.12786,98,1530.579272
0.778569,284,1533.05933
-1.787538,284,1535.537151
-0.22298,163,1537.091596
-1.954006,164,1538.652915
-0.16414,356,1541.747616
1.039751,418,1545.249383
-1.498567,400,1548.625987
-1.134136,200,1550.439368
-1.127815,77,1551.329778
-1.708465,98,1552.390551
-0.099105,358,1555.41436
-1.010796,155,1557.885943
0.452457,273,1560.320681
0.749564,276,1562.723528
-1.128735,55,1563.457891
-1.22199,139,1564.82374
-0.274617,488,1568.944406
-2.195286,334,1571.783898
-1.733396,329,1574.646994
-0.659334,361,1577.690939
-1.154712,112,1578.865996
-1.124844,69,1579.725744
-1.246816,109,1580.872931
1.231265,344,1583.791483
0.479745,300,1586.438665
-1.26861,108,1587.561754
-1.09839,65,1588.450228
0.743562,323,1591.319273
-0.823478,182,1593.064325
-1.123498,59,1593.83834
-1.116085,130,1596.087659
-1.038149,104,1597.204151
0.301279,331,1600.045648
-1.143013,88,1601.035298
-1.856938,218,1603.032711
-1.075464,91,1604.034865
-1.137024,76,1604.930398
-0.333525,192,1606.694388
1.082148,179,1608.39528
-1.06414,84,1609.341274
-0.177744,507,1613.488797
-0.766453,135,1614.874611
-1.825707,480,1618.901679
-0.577356,335,1621.735102
0.341464,298,1624.357764
2.667359,434,1627.939627
-0.798419,502,1632.978229
-1.012051,129,1634.280852
0.201386,292,1636.838759
-0.659039,258,1639.127607
0.668907,390,1642.386929
-0.507733,227,1644.508723
-1.451346,361,1647.551784
-1.111836,84,1648.5121
-1.193347,89,1649.500105
-1.333727,138,1650.870126
-0.035317,215,1652.821498
0.029329,310,1655.473643
-0.945464,190,1657.223523
-1.236228,315,1659.924073
0.978778,494,1663.966768
-0.474658,144,1665.380707
-1.830358,235,1667.512896
-1.313007,165,1669.103538
-0.511003,317,1672.836168
2.128201,970,1680.549637
-1.185096,163,1682.084543
0.900624,382,1685.293497
-1.410638,148,1686.740591
0.270348,313,1689.423784
-1.079115,73,1690.304811
0.495,335,1693.14243
2.490962,300,1695.83952
-1.482956,466,1699.692947
-1.925693,729,1706.477684
-0.316118,155,1707.965672
-1.108064,54,1708.71631
-0.274587,126,1710.008486
-1.166664,406,1713.428874
0.612078,610,1718.8328
-1.214289,105,1719.949183
-1.445985,121,1721.22821
-0.848757,220,1723.209015
-1.113448,93,1724.221572
-1.10728,45,1724.891643
-1.052454,78,1725.787189
-1.476278,208,1727.675726
0.090178,782,1733.967904
-1.091894,120,1735.197523
-1.672479,135,1736.534838
-1.070342,50,1737.241946
-0.040516,288,1739.734837
-1.425095,502,1744.871374
-2.126923,427,1748.544552
-1.134232,57,1749.296331
-0.827772,188,1751.041318
-1.03989,337,1753.940065
2.458431,360,1756.973162
2.126034,589,1761.819803
-0.249129,173,1763.433417
1.98088,238,1765.569802
0.205583,191,1767.390359
-1.239027,270,1769.764462
-0.216576,219,1771.765251
-1.07612,55,1772.583233
-1.046518,24,1773.139834
-1.292701,150,1774.603945
-0.733492,190,1776.359488
-1.515277,342,1779.323055
-0.053903,294,1782.825615
0.897856,449,1786.60965
-0.827587,749,1792.686027
1.056482,699,1798.413231
-0.148815,249,1800.667625
4.744977,1001,1808.661848
0.490909,699,1814.350518
-0.293193,575,1820.052973
2.320121,409,1823.538366
-1.691398,267,1825.895554
1.344991,236,1827.996006
2.748957,419,1831.545766
-0.204634,217,1833.506432
4.212032,692,1839.158963
-0.212914,253,1841.399444
2.567639,576,1846.187373
-0.038286,315,1848.938299
-1.262716,155,1850.488159
-0.197544,284,1853.945937
-0.15547,298,1856.564935
0.38328,301,1859.146282
-0.272601,370,1862.342804
-0.031081,298,1864.962799
-0.243376,313,1867.722086
0.490169,248,1869.916156
-0.778941,296,1872.48719
-0.418976,249,1874.694505
1.015133,608,1879.787475
-1.029042,15,1880.254682
-1.439715,365,1883.329074
-1.408452,212,1885.272198
0.412195,487,1890.332011
-0.241846,399,1893.695112
-0.261816,217,1895.6816
-1.06499,240,1897.816936
1.604975,233,1899.886915
-1.076653,61,1900.676863
-0.256173,271,1903.10702
1.305136,569,1907.8171
1.12083,385,1911.076456
-1.215748,92,1912.082124
2.079778,439,1915.791365
-1.22644,138,1917.157805
0.579579,420,1920.689901
-1.228976,154,1922.17571
-1.089202,47,1922.87309
0.753092,330,1926.619759
2.316317,379,1929.899528
-0.238696,245,1932.095826
0.108126,303,1934.774974
-0.273838,157,1936.296924
-1.793129,257,1938.553366
0.071032,155,1940.032147
0.570036,209,1941.921225
-0.123112,234,1944.017142
-1.605061,274,1946.431387
0.081111,319,1949.180992
4.987078,635,1954.440364
-0.016149,301,1957.070058
0.778922,361,1960.135235
-1.046407,60,1960.914828
0.536765,274,1964.276253
1.695311,278,1966.734053
-0.809534,125,1967.995757
-1.815758,195,1969.819977
0.084839,269,1972.201031
-0.943043,189,1973.967018
-0.324496,431,1977.624869
1.349312,270,1980.085227
-0.195084,120,1981.311507
-0.285112,429,1984.896166
0.252319,192,1986.713296
0.22316,316,1989.469241
1.466916,304,1992.144846
-1.090373,61,1992.934135
0.490459,297,1995.518162
1.199733,330,1998.438218
1.117386,207,2000.378413
3.259921,328,2004.23141
0.294289,333,2007.152004
-0.718793,246,2009.370902
-1.449928,124,2010.652471
0.111082,196,2012.480756
2.245437,509,2016.750896
-0.332998,157,2018.272907
2.612677,309,2020.964945
1.526434,310,2023.688855
0.949681,437,2027.372428
-0.911026,121,2028.63021
-1.398729,112,2029.852847
0.098173,203,2031.768911
-0.264405,192,2033.555211
3.430612,501,2037.758408
0.656683,545,2043.166229
1.081459,1001,2051.164682
0.593114,284,2053.622999
-1.468874,111,2054.773932
3.689979,519,2059.118947
4.090616,860,2066.026371
0.634335,485,2070.086496
-0.96924,185,2071.803239
-0.028317,266,2075.204438
-0.194745,203,2077.054874
-1.344928,287,2079.55039
4.681445,540,2084.103821
0.97734,433,2087.718243
0.557762,280,2090.186206
-1.207633,278,2092.668147
0.643634,324,2095.499978
-1.096048,49,2096.20403
-1.071758,75,2097.09599
-0.35202,304,2099.763092
0.176004,425,2103.390395
-0.044835,314,2106.135121
-0.668623,223,2108.2132
0.634187,530,2113.558495
0.617081,171,2115.182238
0.054509,252,2117.411813
-0.832374,275,2119.815333
-0.988323,72,2120.697556
0.677617,386,2124.005656
-0.522553,320,2126.774829
0.130071,231,2128.837836
1.317259,333,2131.698223
-0.343614,221,2133.753737
7.223231,889,2140.91431
-1.100435,69,2141.757373
0.028783,196,2143.582611
-1.240451,118,2144.799946
1.931057,290,2148.278009
-0.185123,195,2150.118935
1.643591,341,2153.018926
0.482481,171,2154.64956
2.346256,270,2157.052606
2.162713,352,2160.120889
0.78739,162,2161.693595
2.382198,401,2165.080629
-1.146998,60,2165.851098
0.051305,288,2168.384517
-0.861713,200,2170.23378
7.52869,574,2175.010026
-0.379313,215,2176.957603
8.302782,1001,2185.995681
-0.870834,229,2188.07753
2.081897,318,2190.885478
0.616096,294,2193.48965
1.418661,833,2200.658956
1.535916,350,2203.709628
-1.243347,142,2205.233311
3.570544,249,2207.639142
-1.251371,103,2208.779931
3.705775,492,2212.894702
-0.946066,72,2213.855277
0.085148,181,2215.586226
-1.024048,109,2216.754452
1.064006,280,2219.251188
1.166002,279,2222.6915
0.207514,194,2224.582221
3.352255,591,2229.51103
4.524123,1001,2237.650008
2.093379,291,2240.222397
1.245473,240,2242.387455
1.904909,224,2244.474478
1.101024,407,2247.944041
2.095677,291,2250.487345
1.52806,268,2252.932325
0.883108,158,2254.448635
0.701817,292,2257.005835
2.944191,490,2262.058691
3.900285,466,2265.975209
0.4763,268,2268.355711
-0.760007,357,2271.420465
3.072243,226,2273.440012
0.125264,142,2274.854644
1.361322,294,2277.517187
-0.761629,79,2278.459543
1.169615,233,2280.559997
-0.218677,148,2281.986245
-0.702506,287,2284.485351
1.83182,235,2286.58474
1.944948,248,2288.810094
2.645705,437,2292.489051
3.535175,581,2298.23732
7.358378,1001,2306.291823
1.128861,208,2308.175627
2.03523,370,2311.356114
1.509573,247,2313.569771
-0.43125,115,2314.767579
5.879726,1001,2322.76542
1.28374,329,2325.569734
1.379284,238,2327.71336
0.692889,363,2331.760626
2.502732,395,2335.128845
1.249811,177,2336.803903
1.455942,237,2338.959702
3.872294,468,2342.883178
5.948908,588,2347.687455
4.753078,648,2353.068315
2.006023,640,2358.403076
0.574445,174,2360.031855
0.351119,183,2361.732893
0.949629,295,2364.315782
4.192282,306,2367.941911
-0.105075,290,2370.536373
2.782101,344,2373.595848
0.925427,240,2375.756826
1.035115,267,2378.110389
2.486643,416,2381.677017
1.680337,618,2386.800654
1.991241,343,2389.714522
1.857648,263,2392.01772
4.621967,414,2395.512473
1.517506,200,2397.359801
3.370292,271,2399.76022
0.572176,389,2404.046129
1.991791,397,2407.489491
2.933554,407,2410.928344
3.529124,380,2414.137226
1.435968,480,2418.150901
1.481138,268,2420.519418
0.145296,156,2422.034898
3.601818,382,2425.292514
2.008664,339,2428.244984
-0.804454,381,2431.511432
-0.579821,150,2433.007037
3.293613,568,2437.663289
2.518831,351,2441.650177
-0.497499,122,2442.900716
0.029723,416,2446.429299
-0.423087,294,2449.02157
-0.877799,67,2449.843092
5.096656,459,2453.661054
3.388827,450,2457.498921
0.853641,176,2459.215705
3.021228,414,2462.772435
1.09199,146,2464.188451
1.29378,265,2466.558819
0.088831,199,2468.392522
0.736683,248,2470.603126
2.083082,344,2473.563066
1.944253,250,2475.785791
1.288556,237,2478.878063
2.538134,203,2480.765177
3.090506,697,2486.502101
0.422346,171,2488.102325
-0.794686,75,2488.997101
-1.107364,85,2489.947342
2.136484,331,2492.818712
9.155999,522,2497.144989
3.72,298,2499.719901
5.1418,394,2503.032586
-1.311748,184,2504.768683
-0.657953,94,2505.782468
9.037526,628,2511.062798
0.377177,228,2513.143598
1.816992,172,2515.778396
3.139481,387,2519.077757
3.716906,288,2521.607602
6.843871,978,2529.435388
1.600223,237,2531.546752
2.171877,400,2534.972736
1.859996,219,2537.028342
5.636623,597,2541.898648
2.330693,373,2545.09909
4.776593,268,2547.492944
0.655261,199,2549.341298
3.694064,438,2553.97472
4.108766,510,2558.220129
-1.057321,44,2558.886089
3.731247,389,2562.231986
3.595243,342,2565.168967
1.068612,246,2567.377331
1.131684,463,2571.264277
-0.686109,208,2573.230163
0.151241,113,2574.433958
1.349359,212,2576.364106
4.373691,633,2581.594965
1.861065,417,2585.12737
-0.088964,195,2587.992738
1.88481,258,2590.286606
0.049181,235,2592.393519
1.391223,325,2595.20931
3.007812,215,2597.202953
1.172337,294,2599.76707
1.677477,461,2603.66707
1.228982,293,2606.238643
1.642049,252,2608.524067
4.440574,395,2611.838952
4.211617,365,2615.043151
0.100399,172,2616.669595
-1.488698,497,2620.863672
3.79152,270,2624.226305
4.423428,273,2626.693238
2.991196,314,2629.420762
4.935181,969,2637.151485
3.156083,451,2641.028575
8.594295,745,2647.065966
9.74151,686,2652.668375
0.510044,256,2654.980178
2.957481,394,2659.236611
1.453026,199,2661.083276
4.482845,362,2664.126585
1.950855,224,2666.24937
3.184135,230,2668.316431
3.461138,310,2671.008624
1.085528,215,2673.059406
1.663074,276,2675.477683
2.090572,451,2679.262808
1.86185,649,2684.537996
2.44753,280,2686.997139
3.156834,273,2689.430261
3.482306,296,2692.063076
4.135831,315,2695.72171
-0.207335,91,2696.758908
2.139038,243,2698.923502
1.47544,205,2700.764525
-0.361346,138,2702.146448
2.993268,341,2705.071571
1.479747,561,2709.686666
3.13426,223,2711.690494
2.639575,301,2714.351971
5.015526,503,2718.560436
7.448351,562,2723.195095
0.34357,224,2725.230438
3.014706,629,2730.34941
4.69516,320,2734.104062
2.096002,524,2738.439751
6.874905,545,2742.98281
9.204788,462,2746.834736
5.49569,395,2750.17838
0.477393,149,2751.615032
0.74189,204,2753.493387
7.123491,330,2756.320858
1.513613,255,2758.570478
2.757733,273,2760.991347
4.027774,506,2765.204639
4.939934,280,2768.702764
4.175791,294,2771.290485
1.019652,208,2773.186211
3.664798,252,2775.407952
0.732812,253,2777.664912
2.880957,285,2780.146903
5.362965,320,2782.900873
6.003186,542,2787.398747
3.693585,229,2789.465839
2.512957,521,2793.815154
1.78195,298,2796.462145
3.609579,311,2799.164401
1.872834,175,2800.846606
10.738623,1001,2809.78699
4.904978,883,2816.943516
4.039666,257,2819.258424
3.299763,542,2823.78871
3.777663,570,2828.536241
0.987603,273,2830.959473
3.395913,305,2833.604545
6.720633,520,2837.936402
3.99257,412,2842.35866
1.261049,130,2843.645038
8.711238,525,2848.059835
2.110522,170,2849.685045
-0.6359,187,2851.443048
-0.747438,182,2853.156695
2.920496,239,2855.301737
-0.6455,166,2856.905444
7.594078,421,2860.43277
3.48704,295,2862.98682
1.016633,450,2866.785764
7.078594,519,2871.199662
6.810206,386,2874.45934
0.936827,241,2877.521205
8.368101,452,2881.267653
2.632978,342,2884.148175
3.088993,259,2886.402226
6.965219,653,2891.631094
21.582939,1001,2899.585982
5.997461,362,2902.640386
4.035009,330,2905.450255
18.236946,833,2913.081822
3.297854,400,2916.385987
6.254186,317,2919.08975
5.389493,434,2922.777419
3.602797,430,2926.283513
9.082905,488,2930.266268
-0.327575,209,2932.135084
-1.776972,179,2933.794809
0.528583,254,2935.983725
5.080774,288,2938.476234
2.233473,295,2941.005009
0.506386,348,2943.906409
0.372238,212,2946.777666
3.380311,255,2949.007144
13.27373,754,2954.941185
9.117719,474,2958.817539
3.208965,411,2962.226547
16.359277,1001,2970.054133
21.614822,1001,2977.988917
22.472883,978,2986.603145
3.384832,340,2989.462769
3.28483,208,2991.366267
3.775848,359,2994.342559
16.182116,1001,3002.309194
4.731105,430,3005.797616
0.380217,289,3008.322287
6.694333,499,3012.339201
5.804633,526,3017.540027
6.507868,292,3020.033672
10.718175,739,3026.024312
8.637151,729,3031.85273
15.403096,677,3037.305987
1.810712,230,3039.365409
8.493352,398,3042.669087
2.716971,233,3044.754422
18.727299,892,3052.810454
13.940508,647,3057.986536
7.552281,554,3062.548991
3.115575,250,3064.705869
2.327928,192,3066.442745
8.166491,593,3071.225861
6.271289,332,3074.092829
7.134666,411,3077.502346
3.217827,276,3079.909196
3.826205,396,3084.178427
6.162786,416,3087.630186
7.520277,413,3091.113805
24.760009,1001,3099.01464
7.994745,472,3102.835121
5.5558,274,3105.172489
16.4467,674,3110.492738
11.9889,584,3115.175356
28.27915,1001,3124.059971
7.529628,733,3130.021297
8.484809,607,3134.95363
8.65984,451,3138.632135
2.107094,315,3166.834856
0.715545,277,3169.509364
21.420958,646,3176.157913
10.462236,336,3180.937733
4.207147,429,3184.797279
-0.12912,176,3186.50237
6.103043,346,3189.701306
11.718069,562,3195.535878
24.25855,772,3202.418324
19.710592,613,3207.533504
20.916842,852,3214.405479
6.015865,276,3217.040246
13.601256,600,3223.110152
13.708872,650,3228.469956
3.526584,263,3230.777908
13.996978,539,3235.226575
0.567758,163,3236.759939
9.509336,425,3240.359906
12.872,596,3245.198502
12.466512,484,3249.339314
8.737149,492,3254.413367
22.588152,1001,3264.610533
1.942149,188,3267.164259
8.001569,455,3273.04254
4.087562,479,3277.643094
23.59614,729,3284.15781
6.449113,368,3287.576115
3.69915,280,3290.104486
7.447199,422,3293.906662
10.997109,477,3300.305918
27.626543,1001,3312.298674
27.175187,1001,3325.296778
17.543357,582,3333.277518
-1.057298,28,3334.118182
14.617357,538,3340.978074
27.174171,1001,3352.486525
20.896084,731,3361.00015
7.967605,479,3366.887006
26.622217,909,3379.478608
18.295924,675,3387.334627
5.914932,306,3391.152779
21.556394,777,3400.661819
23.314529,1001,3410.470202
7.810568,290,3413.561725
4.062649,178,3415.288248
30.401188,1001,3423.427868
13.033661,666,3430.156134
19.26389,556,3437.747051
33.453354,1001,3448.374996
3.801858,247,3451.917035
7.908453,351,3456.507364
1.483084,194,3458.46723
27.056166,777,3465.970555
36.352044,1001,3474.756544
8.632639,373,3478.166552
19.919067,712,3485.732546
10.569044,366,3489.506654
2.251588,201,3491.808782
19.358937,759,3498.789411
11.890493,467,3504.193761
27.91722,763,3523.276777
21.984627,630,3538.779105
29.11014,755,3546.246564
13.681193,467,3550.182849
23.382225,664,3555.67429
21.833262,824,3562.39812
35.923628,1001,3570.443328
6.004558,356,3573.491782
30.822773,865,3581.91046
6.812213,363,3585.098175
30.092778,824,3591.899869
32.314542,1001,3600.023047
3.217292,210,3601.962698
8.516185,356,3605.327417
35.5795,986,3615.684811
1.274922,189,3620.816097
0.922253,127,3623.376262
0.680405,142,3625.911827
32.355968,1001,3637.351611
6.019023,348,3640.530113
7.946044,334,3643.8273
6.906419,349,3647.2332
21.147309,664,3653.159453
7.105004,358,3656.661962
8.31983,336,3660.149189
7.699417,322,3664.137452
2.563589,185,3666.012602
24.868765,700,3672.038237
8.282622,362,3675.307272
37.931243,965,3683.566231
22.339504,661,3689.270025
4.565749,291,3691.951509
10.073884,375,3695.306281
6.103178,326,3698.263655
3.827679,212,3701.283291
20.309789,552,3706.259133
2.883612,189,3708.14631
23.405528,708,3714.267481
33.010489,1001,3722.759569
32.538639,1001,3731.232436
11.186139,703,3738.423287
12.167188,382,3741.860585
34.859847,749,3748.209938
10.005477,494,3752.466089
13.516563,444,3756.48434
2.761682,154,3758.04285
38.039691,1001,3766.308186
1.363686,132,3767.69004
22.277317,661,3773.287858
11.085914,402,3777.838037
21.68977,541,3782.573415
37.185521,1001,3790.952019
9.856309,364,3794.163656
2.510767,142,3795.629293
20.137556,558,3800.472313
36.943346,1001,3808.923282
19.935797,497,3814.304502
6.919291,271,3816.86215
5.016286,206,3819.090062
5.652588,268,3822.232172
0.702225,97,3823.56762
4.779366,361,3827.612402
36.810887,1001,3836.61803
19.462562,558,3841.471465
20.618089,522,3846.008527
2.063483,186,3847.830286
13.858841,459,3852.945283
10.36746,381,3856.349369
1.635844,133,3857.741515
34.449934,933,3865.659427
3.415193,173,3867.374174
27.058432,672,3873.113969
-0.862511,60,3873.93234
40.112739,1001,3882.356655
4.728081,263,3884.906404
19.073974,533,3891.332579
13.946112,364,3895.338868
19.240858,425,3899.457313
5.532429,290,3902.126072
38.319143,973,3910.311055
3.108898,183,3912.111445
10.699641,327,3915.10071
43.263581,1001,3923.495587
14.434999,386,3927.958026
22.606589,566,3932.932043
27.271919,651,3938.496125
4.938768,247,3940.801934
15.46712,444,3944.680063
34.519432,913,3952.354171
30.479519,693,3958.32333
11.754451,502,3963.695192
23.572718,621,3969.094214
7.228818,359,3972.294838
10.269639,334,3975.2748
7.112912,367,3978.561324
3.69,229,3980.791558
45.024786,1001,3989.13278
31.494797,758,3995.514342
40.715843,798,4003.282046
29.959361,788,4010.087604
10.126979,505,4014.482054
44.77648,1001,4022.890641
3.753235,208,4024.869206
5.424845,213,4026.901208
4.125362,226,4029.025413
38.862203,1001,4038.538981
28.513737,797,4045.23217
3.769125,188,4047.089629
24.389561,559,4051.873651
19.923162,434,4055.727834
14.173114,375,4059.044486
28.171118,736,4065.31439
13.065793,346,4068.454811
46.702823,1001,4077.692998
14.361201,365,4080.973687
25.072675,603,4086.072722
46.343996,1001,4094.305596
27.468274,731,4100.428041
44.628223,1001,4109.810835
-1.852069,172,4111.471741
6.073062,228,4113.583294
33.952316,860,4120.757558
25.248227,536,4125.32714
8.656454,387,4128.713409
2.069687,155,4130.301626
30.160841,598,4135.383748
21.525688,506,4139.719149
44.227473,1001,4149.047704
15.136412,421,4152.710659
22.249607,459,4156.736185
34.913692,905,4164.217695
24.409988,451,4168.063863
31.530562,743,4174.322362
28.907559,731,4181.617024
5.075122,255,4183.998781
14.956517,373,4187.607185
25.132625,477,4192.2894
13.304156,398,4196.391168
1.056358,228,4198.830776
27.782094,582,4204.723015
47.647783,1001,4229.871454
26.633745,648,4237.164892
45.729772,1001,4247.034261
24.765649,469,4251.372849
14.337371,357,4254.891945
37.005856,663,4260.542053
24.153171,430,4264.253994
17.791063,409,4267.733135
9.724095,265,4270.103029
18.437201,431,4273.782905
1.099485,131,4276.067102
29.035905,643,4281.627008
50.932917,1001,4289.892135
52.294181,1001,4297.911231
47.00302,840,4305.322246
40.754696,839,4313.54969
40.450985,1001,4321.673888
9.802815,297,4324.245542
39.511087,856,4331.171487
42.273657,775,4337.623448
14.340256,515,4341.933961
10.532914,300,4344.600239
7.073063,229,4347.726467
60.924396,1001,4355.742002
5.272803,194,4357.552572
29.473573,517,4361.980011
29.347153,624,4367.110413
54.087241,1001,4375.134753
25.752012,554,4380.702459
56.951902,1001,4388.93541
3.200709,124,4390.190186
61.272586,1001,4398.207615
2.107369,178,4399.93291
0.505905,131,4401.25352
50.249224,900,4408.547078
15.602974,378,4411.840766
55.522143,1001,4421.018317
51.76727,1001,4429.055596
16.078238,330,4431.943928
11.945683,286,4434.451526
50.476032,1001,4442.574772
25.688021,616,4447.641486
51.781883,1001,4456.742522
52.06095,1001,4464.846663
50.742304,952,4472.480896
37.803449,701,4478.180478
58.402895,1001,4487.391384
47.648155,1001,4495.480504
53.189719,1001,4503.491254
45.157632,876,4510.605535
35.548828,568,4515.452431
35.254105,673,4522.351483
47.485536,1001,4530.60992
12.907966,303,4533.467018
23.113883,492,4537.812742
5.409884,232,4540.042124
54.688591,1001,4548.364907
24.814699,484,4552.654347
9.227712,264,4556.133398
28.358505,582,4561.086113
56.833719,1001,4569.831059
61.295904,1001,4578.231066
25.648456,553,4583.196165
60.204469,1001,4593.87987
24.389779,518,4598.771281
50.722483,1001,4607.585101
-0.954956,29,4608.167404
9.358886,232,4610.472219
7.414042,218,4612.581561
20.291269,352,4616.162517
47.88051,815,4623.742817
20.675077,367,4627.130538
-0.692353,48,4627.846131
32.278139,576,4633.770994
-0.53306,54,4634.523213
8.223379,206,4636.473084
55.474786,1001,4644.727205
27.319618,539,4649.210731
59.051421,1001,4657.476107
8.931667,222,4659.519159
54.571483,1001,4669.273526
9.294703,232,4671.673751
34.765349,554,4677.152693
12.629725,292,4680.27787
32.189591,545,4684.956693
54.184147,1001,4693.223446
67.400829,1001,4701.432878
-0.680962,78,4702.349053
64.961926,1001,4711.746804
23.595325,483,4715.886433
10.148762,268,4718.286452
58.502818,1001,4726.441212
1.244453,133,4727.790589
56.979691,1001,4736.093556
61.125752,1001,4745.324396
52.102566,1001,4753.52522
34.367943,630,4758.757591
67.533453,1001,4766.976234
59.46469,1001,4776.090475
15.205193,293,4778.729915
12.135032,262,4781.116439
0.657814,97,4782.187763
60.059865,1001,4790.372403
56.92079,1001,4798.536118
12.12808,263,4800.877598
29.39029,469,4804.833585
25.672733,443,4808.562192
42.623346,686,4815.372063
10.992718,351,4818.420688
54.423359,858,4825.397354
35.956593,577,4830.229352
32.547498,574,4835.226477
8.893481,217,4837.33254
63.796295,1001,4845.683926
29.355632,595,4851.891904
20.044146,292,4854.555273
38.31185,566,4859.420849
66.182421,1001,4867.894226
24.212305,394,4871.41306
63.90665,1001,4880.020653
35.317249,621,4886.564472
24.350901,342,4889.682843
7.760366,201,4891.617148
63.551571,932,4899.527963
15.50515,305,4902.35308
12.000699,315,4905.238165
62.580677,1001,4914.29705
12.240102,312,4917.10287
25.038953,401,4920.710335
55.426786,839,4928.654559
54.760128,809,4935.332052
64.91418,1001,4943.685111
24.966676,456,4947.642011
17.91973,354,4950.823147
60.9281,1001,4960.321553
48.605325,741,4966.651221
19.66309,359,4969.982675
43.529863,695,4975.87313
42.942346,614,4981.076538
11.79331,231,4983.476903
67.332186,1001,4992.33265
40.029871,643,4999.944458
25.040993,436,5006.112963
35.03116,522,5021.392959
8.510779,202,5029.791306
49.31831,723,5047.105764
74.228149,1001,5055.60622
6.751206,209,5057.552615
56.00648,1001,5066.901829
1.72019,125,5068.212751
7.103101,177,5069.960114
29.582763,450,5073.839939
76.898822,1001,5082.028149
66.560667,1001,5090.218405
13.77054,287,5092.855178
55.896111,865,5101.064106
2.923296,157,5102.627752
19.484484,340,5105.591546
47.146903,707,5111.482078
5.83666,192,5113.283373
10.457377,218,5115.309042
2.482467,117,5116.560733
38.408371,545,5121.233367
27.59462,456,5125.127012
2.370692,105,5126.250683
47.510858,658,5131.634056
72.900588,1001,5140.675812
14.873206,289,5143.222884
41.719766,650,5148.617291
75.144676,1001,5156.69307
-0.578557,46,5157.381884
68.848071,1001,5165.502367
30.524967,471,5170.501382
21.363322,356,5173.655232
19.961816,354,5176.719177
74.643323,1001,5184.855341
74.124789,921,5192.304976
19.648092,346,5195.294954
31.847061,472,5199.379295
35.220076,529,5203.770975
32.78783,598,5209.768317
70.352207,1001,5217.859885
36.467273,531,5222.257115
67.24153,1001,5230.443181
76.330874,1001,5239.516361
56.376796,862,5246.51138
25.197209,366,5249.704953
34.208217,498,5253.936459
64.503169,1001,5261.981608
14.043973,260,5264.281833
35.167287,537,5268.796145
56.942234,763,5276.082534
17.20844,300,5278.736371
23.34541,335,5281.615915
16.798639,309,5284.388533
49.157313,650,5289.785549
50.984477,687,5295.38348
21.988112,319,5298.13743
9.128034,205,5300.014532
77.040637,1001,5308.170719
75.979426,1001,5317.196961
12.272854,229,5319.251942
64.403017,1001,5327.268977
67.112607,1001,5335.438157
37.528823,646,5340.946551
82.621805,1001,5350.098022
80.05661,1001,5358.544825
6.67375,180,5360.263137
83.817571,1001,5368.296103
61.035756,777,5374.610764
49.717647,692,5381.40879
23.965223,347,5384.369011
55.441913,757,5390.493718
75.340054,1001,5398.604257
3.257135,133,5399.949161
78.589671,1001,5408.062343
3.979425,150,5409.525252
64.207046,820,5417.510367
49.44761,725,5423.700544
74.881503,1001,5431.88181
8.433681,224,5433.949195
11.205822,238,5436.112
16.156167,343,5439.078562
10.105029,241,5441.252248
49.936607,649,5446.526794
73.229107,1001,5455.56371
19.330112,322,5458.498269
75.288638,1001,5466.634143
77.992219,1001,5474.636018
29.040272,461,5478.473478
31.085028,422,5482.138403
87.251356,1001,5491.216172
33.777735,498,5495.339491
43.065068,542,5499.800163
75.783671,1001,5507.885863
84.580356,998,5516.059156
52.323784,662,5522.533829
83.993699,1001,5530.612455
77.964812,1001,5538.823373
83.875018,1001,5546.8628
85.033229,1001,5555.910576
59.782526,776,5562.272544
77.413875,1001,5570.309329
92.437732,1001,5578.278044
2.137695,111,5579.424587
7.336312,169,5581.016243
89.052965,1001,5590.291919
69.666178,865,5597.587165
25.333591,355,5601.044558
18.547989,332,5604.351254
16.663162,289,5606.860733
-0.904324,38,5607.491581
55.606084,697,5613.277864
-0.289548,68,5614.115931
44.913345,545,5618.628691
37.401703,496,5622.945892
80.347547,1001,5633.101771
72.241463,906,5640.585392
66.580552,776,5646.867187
82.892972,1001,5654.909309
82.019615,958,5663.923479
34.496338,495,5668.116404
26.227937,360,5671.265209
25.730029,354,5674.35192
9.769437,207,5676.308398
86.194645,1001,5684.550319
48.46632,698,5690.47264
85.92995,1001,5699.8952
51.808407,672,5705.646023
63.284639,798,5712.33162
9.357011,228,5714.504767
28.348628,399,5717.945724
75.841337,923,5725.603465
9.705047,221,5727.786495
40.032962,517,5733.651719
37.341319,496,5738.428015
7.795406,203,5743.14021
12.375506,238,5750.763951
89.59943,1001,5764.398738
11.764619,257,5766.688163
12.400336,211,5768.666841
20.599056,310,5771.344657
23.009964,346,5774.286528
83.77636,1001,5783.196509
3.160766,118,5784.422988
82.97457,1001,5792.423117
57.358981,736,5798.406608
43.696754,500,5802.634309
30.338871,460,5806.536632
29.993719,360,5809.639822
22.028112,319,5812.47764
7.837667,180,5814.188354
28.563713,403,5818.824152
23.499153,317,5821.626695
5.028625,144,5823.070337
20.789152,295,5825.710196
59.787304,721,5831.709987
93.488772,1001,5839.825015
85.662909,1001,5847.997344
84.90796,928,5856.503837
91.377768,1001,5864.611183
75.975543,863,5871.744008
16.839455,313,5874.525292
-0.77461,48,5875.234656
26.845253,373,5878.445201
57.905894,688,5884.180268
95.078732,974,5893.177028
79.474626,934,5900.799639
57.171755,690,5906.534681
26.224574,395,5910.032638
44.821847,551,5914.775023
82.865575,965,5922.702514
45.69208,527,5928.171557
35.752387,435,5931.940812
65.017776,663,5937.523381
37.592168,484,5941.665008
21.397766,277,5944.246862
11.475333,208,5946.231954
88.954204,1001,5954.432641
38.264391,474,5958.476005
89.174708,1001,5967.644756
48.02457,545,5972.310349
-0.428526,46,5973.004211
87.494804,1001,5981.197301
26.780937,322,5984.02928
61.109969,674,5989.464769
71.605533,820,5997.210969
8.183309,179,5998.866875
37.132913,421,6002.392756
70.350087,747,6008.438104
24.896868,349,6011.411639
93.569148,1001,6019.34857
49.219338,542,6023.857614
90.272876,1001,6032.853223
109.329927,1001,6042.56165
89.540338,1001,6065.339658
33.767326,418,6077.614706
84.356971,1001,6086.226681
47.738521,548,6092.161301
23.779803,287,6095.744347
88.366764,926,6105.733324
26.793824,338,6109.469486
35.336282,389,6112.907664
92.229753,1001,6122.514014
22.043234,306,6125.747749
87.471568,1001,6149.631109
21.159874,477,6167.257831
19.74188,299,6177.393458
77.053144,781,6183.878675
87.53847,1001,6192.681669
104.66105,1001,6202.459327
26.688878,354,6207.559064
105.882139,1001,6216.42876
0.579269,78,6217.470222
34.591094,417,6221.267118
22.751055,276,6224.041593
60.869016,649,6230.511367
64.924286,794,6238.54309
20.919727,287,6241.259382
63.425784,692,6249.006795
90.181034,959,6257.326866
93.262647,1001,6266.583728
1.557409,114,6267.988791
64.811004,764,6275.861955
19.939118,273,6284.399373
100.337691,1001,6327.903008
101.168325,1001,6336.943568
86.485638,1001,6346.383895
93.095404,1001,6359.393771
103.97359,1001,6371.037737
94.409552,1001,6399.930103
102.149997,1001,6441.168053
49.372373,542,6446.029876
26.328807,324,6448.886723
55.161379,646,6454.531204
50.093659,529,6460.043065
65.184394,711,6465.920174
43.792331,553,6470.584739
27.362101,347,6473.55812
21.358297,354,6476.574387
86.907878,921,6484.026783
26.091913,342,6486.974384
95.818833,1001,6496.468398
94.789461,1001,6507.025664
61.476939,615,6513.460271
85.362534,838,6521.696516
45.033575,554,6528.05765
42.175352,453,6534.03815
30.29292,324,6539.850115
51.558046,605,6547.502147
98.806609,1001,6556.751873
102.874264,1001,6565.233834
26.709391,328,6568.129554
100.376401,1001,6577.067276
83.971084,858,6586.014068
107.566571,1001,6595.275884
103.853867,1001,6605.356364
92.208531,917,6634.859141
102.998167,1001,6644.911484
104.923173,1001,6653.224128
106.759269,993,6661.315772
71.112859,714,6667.315201
45.840621,520,6671.72078
92.496648,919,6680.30251
100.030565,1001,6688.54109
103.486987,1001,6696.754006
106.323438,1001,6705.180802
25.581085,324,6708.469727
98.40382,907,6718.280582
25.403349,283,6720.778661
33.383625,358,6724.034279
21.480948,266,6726.501007
110.258434,1001,6735.992955
60.227513,636,6741.771319
116.921793,996,6751.108155
41.590952,492,6755.340887
64.717549,578,6760.222072
111.336205,1001,6768.75673
29.723051,331,6772.007703
6.979531,161,6773.77054
101.582093,1001,6782.481247
20.03794,248,6784.768127
50.587889,540,6790.263861
20.598383,250,6792.552429
92.917909,877,6799.729907
109.329567,958,6807.449371
81.026451,901,6814.811021
7.916145,212,6816.826023
55.232646,557,6822.423505
107.062612,989,6830.410588
112.633167,1001,6838.458655
45.011573,464,6842.466906
13.129614,233,6844.594933
74.475184,690,6850.257883
113.540634,1001,6859.526444
33.68495,349,6862.586693
56.987858,588,6867.570422
41.65026,410,6871.105378
122.266544,1001,6879.155843
59.489682,566,6883.879462
36.431818,494,6888.023432
47.611792,508,6893.363259
25.621013,320,6896.168681
1.692475,86,6897.191741
-1.018158,14,6897.711702
25.174218,327,6900.947302
32.617957,371,6904.635435
43.175811,416,6908.634718
114.432492,1001,6917.925477
26.750984,324,6921.250303
73.244979,657,6927.339832
75.807018,693,6934.958033
80.774006,749,6941.777523
33.501229,396,6945.738668
120.075452,1001,6954.989212
122.196826,1001,6963.1333
20.70921,297,6965.809938
56.076363,574,6971.667161
50.49429,500,6975.899091
59.429577,579,6980.799691
120.208766,1001,6988.966001
111.859714,1001,6997.192349
123.041401,1001,7007.025857
112.864939,1001,7015.517668
125.543854,1001,7024.279602
69.928399,626,7031.516441
57.955088,505,7038.363293
52.76542,567,7043.948937
21.432526,261,7047.47281
111.363941,1001,7056.92893
124.75851,1001,7065.39124
24.792913,305,7068.150268
85.635094,792,7075.31215
114.460683,1001,7085.499606
113.869395,1001,7094.083625
103.22671,868,7101.423768
80.137413,744,7107.71766
33.630333,373,7111.005498
96.256224,872,7118.281926
66.99348,579,7124.226999
36.156263,379,7127.655685
20.470859,238,7129.831542
28.221766,370,7133.720723
35.476744,387,7137.148093
16.529402,247,7139.455393
120.643652,1001,7148.734585
4.820512,142,7150.580033
119.551544,1001,7160.698272
126.93535,1001,7169.132795
36.23537,373,7172.469652
120.646346,1001,7181.239458
72.426104,623,7186.978021
121.108449,1001,7198.676843
52.717686,506,7211.469776
97.019679,754,7237.453596
122.121815,1001,7265.814978
126.254748,1001,7273.8281
19.504936,232,7275.906716
27.141163,293,7278.442202
124.427202,1001,7287.617611
33.161763,340,7290.550698
34.266141,326,7293.360455
49.225007,486,7297.41116
40.836089,423,7300.943629
82.181343,735,7306.913248
61.77624,553,7311.52765
52.994203,478,7315.54623
40.653747,402,7319.986384
131.633355,1001,7328.023999
119.094545,1001,7336.092882
76.377778,592,7340.999554
64.715515,589,7345.807369
130.191111,1001,7354.871546
100.667582,836,7361.598116
122.298677,1001,7369.626394
82.953341,838,7376.345134
-0.621888,45,7377.015785
2.74596,106,7378.118439
8.871121,170,7379.734835
14.990666,206,7381.643434
130.975824,1001,7390.764094
25.900002,306,7393.401745
125.560968,1001,7401.409084
64.768437,593,7406.264443
69.627104,615,7411.25781
62.897216,542,7415.814036
112.974536,920,7424.179454
23.738431,247,7426.391759
38.388458,348,7429.347846
98.388001,914,7436.754881
38.195228,363,7439.809167
125.253567,1001,7447.896161
45.809937,422,7451.535173
81.145454,676,7458.14572
124.944856,1001,7466.155434
71.668314,592,7471.076009
116.581877,1001,7479.019748
64.288331,570,7483.634813
86.3727,694,7490.238265
45.954513,425,7493.973602
48.114419,423,7497.522564
127.602487,1001,7505.477174
145.973606,1001,7513.515418
43.283706,447,7517.34425
64.824153,506,7521.656618
23.474743,404,7526.069212
40.024717,361,7529.168559
15.968695,229,7531.271331
48.416005,444,7534.989397
127.23828,1001,7543.038562
-0.981967,23,7543.605522
124.543054,1001,7551.652288
29.552881,298,7554.263056
36.7471,358,7557.316344
-1.005487,14,7557.78307
47.188861,401,7562.191746
29.953789,290,7564.769223
141.064198,1001,7573.391935
92.84563,784,7581.682814
129.17323,1001,7590.137455
63.865455,512,7594.49176
66.8598,532,7599.842535
75.130551,682,7605.322898
45.970673,440,7609.021
31.51623,296,7611.61928
107.805897,849,7618.428928
33.104445,294,7621.065529
82.692621,703,7626.753377
32.054109,394,7630.123634
69.511489,587,7635.980495
59.572264,513,7640.316767
66.349158,544,7644.734768
33.446152,350,7647.787978
75.28616,672,7653.237664
56.697472,475,7657.207957
24.121716,280,7659.70723
10.395775,165,7661.269692
31.598527,289,7663.800895
134.55678,1001,7672.801157
24.005281,257,7675.065077
121.420567,1001,7682.969429
82.110428,698,7688.558438
41.000832,377,7691.718141
39.646234,365,7694.827171
76.376264,605,7699.823746
50.726264,451,7704.588064
131.228361,1001,7712.611333
41.612849,414,7716.095823
92.949919,696,7721.783762
54.030967,471,7725.723214
73.986671,571,7730.386846
55.442179,478,7734.328626
69.357317,587,7740.151803
35.191636,359,7743.159984
23.164935,269,7745.514772
-0.952206,26,7746.063824
134.348141,1001,7754.147781
67.597486,535,7758.596163
1.190121,85,7759.56047
-0.940279,29,7760.110944
49.922568,411,7763.547137
-0.960748,24,7764.077486
58.023598,509,7768.270437
24.400793,256,7770.587426
53.995056,440,7775.341894
30.862211,298,7777.981267
27.32537,295,7780.556154
48.757121,448,7784.338304
15.240543,199,7786.17888
-0.932649,28,7786.740098
97.978255,778,7793.040361
60.265583,486,7797.082867
129.289151,1001,7805.125091
133.814094,1001,7814.106677
59.962678,482,7818.080085
42.324539,374,7821.325641
89.33247,718,7827.189978
64.127272,551,7831.74244
144.165808,1001,7839.753813
85.162152,662,7846.159933
42.66761,369,7849.31434
35.24079,370,7852.570105
5.455237,140,7853.944166
137.307126,972,7861.744042
137.312422,984,7869.835668
27.867618,279,7872.277123
68.733832,572,7877.15152
68.128253,566,7882.837135
97.893442,727,7888.693266
44.053411,415,7892.380839
105.858252,732,7898.580309
139.968382,1001,7906.812237
103.77342,776,7913.976242
16.670867,211,7915.907677
52.592453,414,7919.376472
69.599533,557,7924.09082
21.080158,297,7927.167058
29.417228,277,7929.819154
54.647881,460,7934.780834
44.121959,384,7938.266462
46.42072,384,7941.761591
120.97855,877,7948.791151
-1.023308,25,7949.315725
40.902801,363,7953.462941
131.667658,1001,7961.470128
153.452843,1001,7969.445368
53.378217,430,7973.013829
33.044413,324,7975.86778
97.513867,754,7982.051161
74.812947,556,7987.753183
73.091165,596,7992.632313
57.876541,513,7996.888374
55.067261,462,8000.737848
66.487768,542,8005.259878
111.978248,857,8012.2249
139.82995,1001,8021.277766
16.892845,198,8023.133764
-0.98415,29,8023.694124
121.665759,851,8030.674863
13.000946,203,8032.548376
67.533981,533,8036.98361
138.711476,1001,8044.986563
137.251377,1001,8053.070207
60.851176,543,8058.679043
21.283477,262,8061.033829
142.289112,1001,8069.063557
127.028494,912,8076.435495
51.499103,458,8080.250657
41.228549,397,8083.686143
36.207011,337,8086.597414
36.405783,334,8089.532777
129.133586,1001,8098.65736
61.648346,529,8103.149757
48.59229,430,8106.792712
137.307949,1001,8114.817699
144.006156,1001,8122.877654
123.78094,894,8131.110611
80.413281,664,8136.651492
-0.929103,29,8137.221924
158.407005,1001,8145.299915
43.941975,422,8148.939509
48.482481,394,8152.37394
130.11492,1001,8161.65438
74.750462,605,8166.738048
64.726595,531,8171.248631
89.986097,643,8176.574844
30.454992,302,8179.413821
161.851657,1001,8189.469146
30.010559,276,8192.087469
135.820062,1001,8202.124238
-0.850196,31,8202.752154
83.874471,682,8208.634909
148.382495,1001,8217.401957
62.526436,461,8221.469442
121.071865,797,8229.272948
35.623133,314,8232.543117
141.574239,1001,8243.198668
13.05053,210,8245.218432
55.584535,480,8249.316868
39.440188,339,8252.231575
14.101323,179,8253.963915
99.745712,765,8260.275793
80.450558,584,8265.159396
74.329193,562,8269.831715
62.057988,513,8275.027912
148.974737,1001,8283.09552
118.460116,850,8289.983585
68.75202,579,8294.689744
50.175146,378,8297.872147
71.990245,531,8302.19381
86.87,672,8307.647888
133.954789,959,8316.397506
-1.012979,28,8316.978752
85.783517,587,8323.153821
154.014315,972,8337.736655
77.387945,596,8345.558176
32.499832,327,8348.52892
45.106127,405,8352.135194
105.823912,693,8358.824671
42.627923,409,8362.254516
71.258295,514,8366.641562
134.594818,926,8374.695995
50.774595,430,8379.498996
84.230168,582,8384.53672
32.80569,297,8387.10736
158.648885,987,8397.262303
51.378411,399,8400.66331
147.716631,1001,8408.630084
45.184299,361,8411.773238
65.075484,516,8415.981963
160.178651,1001,8427.015238
85.759525,622,8433.000975
49.539165,408,8436.387515
8.072288,138,8437.733826
45.711642,398,8441.048028
68.555145,489,8445.12351
68.021312,527,8449.406975
57.361731,445,8453.077627
65.331557,474,8457.050039
46.815928,381,8460.297066
112.57413,778,8467.794155
115.993012,747,8473.911773
62.46754,449,8477.677742
76.859574,543,8482.192308
37.263535,315,8484.937866
44.481317,373,8488.265943
62.499761,532,8492.670117
31.226959,291,8495.251331
147.328341,910,8503.605372
26.227692,280,8506.054987
176.623707,1001,8514.121362
32.742978,293,8516.783298
35.514841,307,8519.638897
49.601656,391,8522.970375
20.403372,217,8525.025418
8.051609,154,8526.538026
29.809106,294,8529.109787
33.569392,281,8531.607524
66.088859,489,8535.675473
102.827987,718,8542.925708
-0.979061,25,8543.519122
22.352656,249,8545.914551
-0.681814,36,8546.515994
113.258921,708,8552.588735
14.721732,181,8554.328769
165.555014,987,8562.350264
61.090745,465,8566.213995
96.157138,621,8571.42596
25.208924,248,8574.656232
75.558028,581,8579.471201
126.429012,796,8585.915184
141.473144,835,8592.608684
43.505686,344,8595.5299
100.863545,679,8601.166546
39.498758,326,8604.036382
54.237187,470,8609.027644
110.955997,720,8615.065828
73.481665,523,8619.445922
54.890254,456,8623.345243
54.422763,408,8626.812368
160.366904,1001,8634.918438
27.898222,287,8637.437817
145.32794,886,8645.556702
47.056487,369,8648.825024
55.853045,408,8652.250676
13.492959,189,8654.009496
135.647349,863,8661.01068
125.094639,780,8667.305651
42.665334,368,8670.446574
61.643935,483,8674.633286
73.21833,560,8680.268198
92.94428,606,8685.238875
85.481197,544,8689.722559
46.439304,380,8693.030873
63.889428,468,8696.94054
86.130942,617,8702.116087
24.08417,232,8704.206895
28.559069,270,8706.600718
76.413514,536,8711.130418
46.466018,373,8715.29652
43.518386,349,8718.33161
38.776437,329,8721.227479
93.10728,626,8726.487442
62.128955,480,8730.500047
87.666074,578,8735.269518
118.899974,760,8741.47081
79.462373,567,8746.224021
42.852794,335,8749.178468
85.10649,577,8755.059218
132.98931,856,8762.216455
11.096911,163,8763.797542
84.285249,568,8768.672471
34.645114,308,8771.384999
30.238632,293,8774.059207
88.190717,633,8779.311133
156.548819,973,8788.083718
38.414136,308,8790.78153
38.222959,320,8793.547053
151.925244,1001,8801.746448
64.286421,489,8805.92308
74.988661,544,8810.54619
54.217196,407,8814.136206
8.266733,146,8815.573956
48.18238,369,8818.728714
55.022155,388,8823.113358
63.688028,455,8827.195576
44.440713,373,8830.449712
40.045413,316,8833.233131
11.821231,199,8835.115666
99.581342,630,8840.467448
166.612315,1001,8848.667185
85.720873,580,8853.786582
87.103468,608,8860.804599
76.810131,506,8865.599168
83.384391,540,8870.166063
80.100066,539,8874.698946
119.708113,763,8881.060524
71.189575,477,8885.161479
43.127623,380,8888.444968
63.510532,437,8892.180743
38.426252,320,8896.04461
66.698901,458,8899.9932
81.378281,553,8904.684581
72.713528,506,8909.012218
35.387184,288,8911.570039
0.759005,75,8912.470705
11.674812,161,8914.005788
48.712731,374,8917.448374
22.701359,221,8920.119651
90.519767,558,8926.439499
33.666163,293,8929.236643
136.471424,818,8937.143689
44.980617,368,8940.303507
116.425236,745,8946.359877
36.580863,325,8949.217687
95.263758,634,8954.597673
46.46375,372,8957.810114
113.354924,752,8963.987575
110.02949,667,8970.592183
42.090472,346,8973.637202
49.615584,421,8977.287351
67.45823,478,8981.523394
65.573587,511,8985.968787
137.868914,849,8993.045839
176.284273,1001,9001.150992
15.724835,194,9002.9593
23.154282,221,9005.044509
41.163075,348,9009.067652
69.428268,463,9012.973213
153.024577,908,9020.402286
175.612108,1001,9028.473214
116.371479,709,9034.363826
46.593859,394,9037.713711
9.27738,164,9039.297005
83.773795,574,9045.078708
54.801626,415,9048.608536
46.768105,378,9051.846507
44.626951,367,9055.079969
73.958016,493,9059.262792
-0.657443,40,9059.903732
98.958847,658,9065.315895
76.527498,498,9069.520674
72.987583,523,9073.931132
33.860582,301,9077.488423
164.591246,1001,9085.883379
25.370317,251,9088.233919
31.411952,262,9090.558233
53.67411,404,9094.063775
95.051667,634,9099.273165
45.67302,363,9102.476592
94.180233,759,9108.821399
150.019626,901,9117.240134
97.57442,632,9122.411164
118.780908,729,9128.555551
76.700532,468,9132.538851
47.369769,389,9135.860833
154.227092,1001,9144.592883
38.058891,321,9147.367596
92.429883,614,9153.500712
60.737972,470,9157.509322
43.210832,404,9161.004795
61.389909,473,9165.033948
164.49091,997,9173.030456
70.695568,514,9177.45565
52.302467,405,9180.947871
73.330426,528,9186.456308
57.872365,479,9190.521831
79.055502,543,9195.015888
74.499179,514,9199.323503
90.708189,674,9204.882215
143.92778,891,9212.225176
84.132889,550,9216.86156
99.930789,624,9223.103725
158.147306,1001,9231.2229
55.710248,451,9235.191442
26.924563,264,9237.531459
118.250056,725,9243.471826
61.585672,465,9247.355662
92.876886,603,9252.401698
86.247692,538,9258.5348
45.369689,364,9262.893887
24.56591,244,9265.21484
165.541897,950,9280.310726
139.384961,940,9316.008845
140.234832,863,9345.697608
150.132024,1001,9371.000393
80.057078,531,9375.944266
52.442125,376,9380.386703
13.886126,196,9383.08118
39.144563,337,9389.269237
159.161547,1001,9399.912229
119.996699,794,9406.740273
56.97226,432,9411.656114
69.783242,471,9415.699269
117.044278,715,9421.595012
53.296125,398,9425.147733
123.732665,747,9432.349132
51.356848,385,9436.394515
48.030677,385,9440.308442
145.421365,935,9450.815395
121.777678,752,9457.441352
87.721762,551,9462.32377
153.431537,895,9469.777596
85.372732,566,9474.578521
133.945723,821,9481.742194
182.351774,1001,9490.82282
164.484832,1001,9498.93935
167.093578,1001,9511.464494
172.151784,1001,9519.833221
102.410732,629,9525.899573
190.104364,1001,9533.884517
88.377181,572,9538.553321
15.965661,185,9540.288877
50.37023,382,9543.533657
70.968926,496,9547.673349
35.829586,310,9550.348425
38.060812,312,9553.139203
113.028359,711,9559.857873
56.48658,408,9563.27243
74.584637,545,9567.719254
126.216593,711,9573.476074
176.716923,1001,9581.540976
76.163183,536,9586.005571
184.271827,1001,9595.086084
7.443112,139,9596.493389
48.263039,357,9599.54568
39.89576,317,9602.760022
52.282344,369,9606.496304
168.447808,861,9613.634504
20.316464,195,9615.428479
126.984094,691,9621.208345
78.537323,510,9625.399341
97.442743,636,9631.614863
80.631428,568,9636.289827
173.417489,1001,9644.294922
79.802389,524,9648.648679
197.293517,1001,9656.798374
157.684989,836,9663.576028
194.879119,1001,9672.716438
85.732657,532,9677.184072
99.171917,610,9682.31771
106.390626,626,9687.574251
40.785567,305,9690.290027
54.883099,427,9693.910337
126.04458,690,9700.514177
69.783175,459,9704.341993
107.860607,621,9709.577595
106.21456,613,9714.671714
107.211616,645,9719.939708
78.090459,517,9724.248021
191.471253,1001,9732.268173
-0.966905,26,9732.821062
30.16034,270,9736.16439
67.909626,446,9740.167721
59.293567,405,9743.642915
140.356836,851,9750.611926
195.3524,1001,9758.721611
93.682871,554,9763.303205
78.838822,478,9767.316523
140.535966,803,9774.84739
91.13845,539,9779.295004
144.9346,763,9785.625684
45.345973,335,9788.545531
198.278323,1001,9796.645951
33.361684,284,9799.14115
62.032842,399,9802.537919
