#{"t_start": 1640600903.1954913, "env_id": null}
r,l,t
-2.452976,367,2.941316
-1.514011,131,4.208212
-4.934124,841,10.486952
-2.589464,574,15.040749
-2.653775,259,17.31173
-1.842171,556,21.775505
-1.408643,426,25.419708
-1.63912,787,32.728929
-0.519982,1200,44.62719
-2.63464,317,47.507759
-2.312106,176,49.291524
-4.158913,914,56.727166
-0.527304,903,64.209693
-3.333265,654,70.268768
-1.358576,1576,83.887244
-2.121846,24,84.617817
-1.574834,591,96.479233
-2.194712,28,97.609387
-1.575504,148,101.667379
-3.283535,722,120.796115
-0.131961,355,130.846392
-2.034355,137,134.80092
-1.552209,154,139.604193
-2.106764,23,140.683862
-1.736273,211,146.883129
-2.12728,18,147.805365
-2.024138,19,148.72543
-0.211787,208,154.929702
-2.121388,18,155.837304
-1.560373,162,160.771391
-2.103423,18,161.644253
-1.713047,104,164.7193
-1.797478,66,166.850906
-1.686979,72,169.181942
-2.189618,24,170.217957
-0.979082,251,177.223353
-2.090875,20,178.47434
-1.059001,165,183.757345
-2.747972,246,190.931588
-3.247571,227,196.825047
-3.842278,218,202.310117
-1.269782,88,204.700366
-1.982891,83,207.036246
-2.508669,320,214.869718
-2.031366,375,224.030324
-3.163227,258,231.226169
-2.967769,184,237.146363
-1.90902,363,249.020687
-9.478872,1006,280.479058
-1.082793,419,293.979271
-2.496545,225,300.821993
-2.869019,233,308.558896
-3.028916,488,324.277554
-2.036503,101,327.334041
4.974472,513,341.241827
8.163063,1144,373.819075
-0.236512,231,380.99242
-0.902465,240,387.920707
-2.169541,446,400.079255
-1.51682,109,403.258014
1.634111,581,418.69075
-2.866456,430,430.313028
-1.050422,384,440.7204
-0.859421,843,463.202632
0.562205,692,481.806697
-4.392719,618,498.257959
-0.686969,276,505.664512
-0.343685,296,513.711308
-2.588513,135,517.542235
-2.481859,136,521.447264
-1.689287,90,524.091465
-2.522238,299,532.139294
-1.020877,248,538.8834
-0.953132,1183,569.585215
-2.694755,101,572.570502
-2.409703,203,578.195713
-2.064458,125,581.860384
-2.234806,242,588.450451
-2.767286,170,593.286202
-0.776603,516,606.953618
-2.758136,716,625.628935
-1.968491,105,628.688617
-2.168703,88,631.308271
-2.259111,152,635.599246
-1.238163,339,644.55031
-1.506288,178,649.472726
-0.907781,220,655.571215
-1.42458,168,660.231033
-1.579288,217,666.266616
-0.425592,153,670.574386
-0.775415,154,674.902355
1.352927,444,686.818851
-1.251296,150,691.141619
-0.286137,254,698.234483
1.587735,1369,737.9116
-0.21375,2240,797.918172
-3.599459,535,812.161243
-1.997717,518,827.129431
-5.258709,661,843.338225
-2.442726,868,867.225256
-4.435562,565,883.559017
-2.997286,389,894.066679
-3.09496,393,904.712136
-1.309222,1265,937.569162
-1.436844,317,945.303266
-2.396242,285,953.04716
-1.574621,428,965.95295
-2.519155,591,982.87698
-2.506875,254,989.724058
-2.12587,556,1007.471054
-1.218131,104,1010.880408
-0.473394,202,1017.609102
-2.489788,271,1025.526658
0.044215,205,1030.978889
-0.21235,263,1037.991599
-3.069189,274,1045.183384
-0.276411,1577,1088.122585
-2.074203,18,1089.015844
-3.389687,199,1094.480141
-2.535836,423,1109.188607
-3.994879,241,1117.122819
-2.477185,425,1130.883885
-3.535332,305,1139.49947
-2.857972,359,1149.083662
-10.097376,2655,1215.579622
-1.72221,113,1218.680362
-0.968962,1448,1257.959799
-2.327209,105,1261.699094
1.159708,1204,1298.566058
-4.00361,2120,1355.583709
-1.144387,1148,1392.022446
-2.342537,122,1396.039531
-2.234166,509,1411.299054
-2.7602,1286,1446.123086
-5.008204,444,1458.905875
-3.290561,500,1472.633859
0.785615,439,1485.615112
-2.00029,33,1487.26913
-1.821556,88,1490.543003
-0.932545,110,1494.341937
-0.40856,917,1519.422963
-1.890546,494,1533.486066
2.432373,743,1553.479783
2.376511,454,1564.948438
4.299018,705,1582.242342
0.611135,693,1599.386801
1.635591,721,1616.84764
-0.334107,490,1629.00427
5.075923,947,1651.827619
-0.519013,321,1659.764596
0.693216,922,1682.048594
-1.495587,159,1686.15336
-2.107199,1371,1724.832704
-2.591501,107,1728.161417
-3.687897,324,1737.095179
-1.921454,248,1743.339238
-1.079833,310,1751.03296
-1.01126,265,1757.712983
-0.252732,308,1765.523352
1.744186,544,1778.739831
-1.115599,348,1787.345111
1.365885,683,1803.949126
-1.090736,313,1811.690633
0.732138,986,1835.388874
-1.461561,140,1839.050525
-1.8565,1056,1864.443213
-2.456245,524,1878.974128
-2.068628,271,1886.860011
-2.492909,281,1893.955132
-0.242771,377,1903.432113
-3.111312,784,1923.543583
-1.186612,378,1933.050385
-0.927999,701,1950.919884
-0.937634,135,1954.514134
0.976546,587,1969.637063
-0.628123,207,1975.031393
0.099986,549,1989.08546
-2.62145,125,1992.518399
-0.872918,189,1997.509415
-0.492675,1774,2041.348406
2.792098,855,2063.205909
-2.271161,194,2068.362153
-1.081648,202,2073.676618
-0.284066,507,2088.553886
-1.528789,147,2092.888333
0.285506,405,2104.17569
-1.349567,461,2116.89494
-1.139433,126,2120.338825
-1.517301,188,2125.541024
-1.83599,187,2130.625564
-1.58939,125,2134.087664
-2.187772,94,2136.721434
-2.229164,113,2139.945926
-1.860713,91,2142.574789
-1.689329,63,2144.520141
-1.779442,70,2146.619246
-1.677352,56,2148.563075
-1.644194,65,2151.225822
-1.055791,141,2158.471432
-1.841621,65,2161.728597
-1.473803,93,2166.878484
-2.671294,194,2173.116248
-1.315782,293,2181.894634
-1.696766,63,2184.076701
-1.511296,158,2190.107619
-1.07231,115,2194.72017
-1.584808,69,2197.698946
-1.682529,75,2200.473817
-2.469261,199,2206.537581
-1.612973,366,2216.997583
-1.809119,249,2224.649245
-1.65597,92,2227.505882
-2.085113,69,2229.740767
-2.207842,221,2236.104137
-1.8907,98,2239.105327
-1.891464,106,2242.474618
-2.433195,187,2249.239529
-1.722288,129,2254.181119
-2.401588,295,2264.149709
-1.940555,67,2267.049044
-2.138525,76,2270.632061
-1.359222,227,2277.540296
-1.765663,78,2280.013712
-2.07489,107,2283.85642
-1.779869,62,2285.971222
-1.573563,75,2288.339536
-1.72026,49,2290.029129
-1.74536,84,2293.327092
0.369189,661,2312.828988
5.609906,663,2331.478185
-1.312639,72,2333.8715
-1.656974,171,2338.783489
-0.885673,201,2345.028421
-1.544206,100,2348.130018
0.251372,1039,2375.864558
-2.219915,89,2378.526022
-2.222292,111,2381.840375
-2.102923,97,2384.716187
-1.763893,65,2386.92357
-2.237421,99,2389.880966
-2.025171,77,2392.272638
-1.827269,110,2395.531657
-1.83671,60,2397.608039
-1.907973,90,2400.602993
-2.038043,59,2402.723693
-1.949669,42,2404.319819
-1.969821,62,2406.358603
-2.408057,98,2409.406229
-2.026833,43,2410.991559
-1.990843,47,2412.721437
-2.039587,38,2414.255252
-2.165065,107,2418.146707
-1.865572,50,2420.252709
-2.280571,67,2422.645585
-2.229591,132,2427.202167
-2.423564,87,2429.971298
-2.652459,149,2434.646969
-2.819445,141,2439.206696
-2.36967,84,2441.960563
-2.336092,73,2444.419397
-2.507559,112,2448.312177
-1.313756,93,2451.225402
-1.453274,98,2453.928658
-3.03442,112,2457.207764
-2.153763,112,2460.279664
-2.092485,19,2461.099377
-2.108631,17,2461.861803
-2.086464,18,2462.628049
-2.300918,137,2466.63371
-1.22992,109,2469.880941
-2.098808,19,2470.753733
-2.120985,105,2473.633865
-1.133224,166,2477.920224
-2.051147,18,2478.682123
-2.014906,19,2479.457438
-0.443107,200,2485.100852
-1.796817,116,2488.304967
-0.177788,319,2496.64188
-2.042592,129,2500.423373
-1.795802,146,2504.543384
-2.113363,93,2507.200764
-2.168453,143,2511.107892
-2.192137,95,2513.837639
-1.854723,64,2515.784639
-1.469112,81,2518.182536
-1.297093,83,2520.641693
-1.650599,57,2522.415921
-1.038886,123,2525.868931
-1.4832,90,2528.46731
-0.81724,184,2533.358518
-1.376088,57,2535.153519
-0.449628,96,2537.876017
-1.659672,68,2539.892431
-0.928497,104,2542.81316
-1.665013,72,2544.934362
-1.723218,66,2546.864684
-1.908786,90,2549.464288
-1.934215,66,2551.366711
-1.157932,92,2553.949009
-1.209817,114,2556.997205
-1.106109,128,2560.40548
-1.498531,154,2564.447016
-1.774477,77,2566.681855
-2.019019,78,2568.973444
-1.812995,67,2570.928291
-1.104127,169,2575.551218
-2.262526,69,2577.613592
-2.219854,112,2580.694471
-1.865808,242,2586.94224
-2.131088,156,2591.078002
-2.292123,84,2593.496043
-2.157145,104,2596.396317
-2.521501,160,2600.625942
-1.442881,71,2602.774723
-1.326775,244,2609.430547
-1.993868,142,2613.335217
-1.957419,70,2615.35025
-1.527077,133,2619.006431
-1.027901,429,2629.766577
-2.043465,56,2631.427366
-1.879073,73,2633.517385
-0.436274,104,2636.369424
-1.484278,91,2639.075262
-1.430128,85,2641.766839
-1.301127,75,2644.037927
-2.212149,112,2647.30321
-1.898822,96,2650.097187
-1.956064,158,2654.478205
-1.228459,169,2659.278834
-2.061219,19,2660.121902
-1.989846,33,2661.265502
-2.056098,144,2665.141742
-2.073485,95,2667.908507
-2.169925,110,2670.910257
-1.080357,265,2678.13654
-2.24349,2039,2731.076893
-1.274545,158,2735.881117
-1.66031,108,2739.207923
-1.145431,99,2742.507005
-1.23687,62,2744.717311
-0.315263,180,2750.236329
-0.743157,196,2755.938845
-1.663759,194,2761.784324
-0.92182,87,2764.563522
-0.632244,274,2772.38706
-2.227944,261,2779.150264
-1.835382,76,2781.370034
-0.648546,211,2787.851882
-1.427839,685,2808.730568
-1.211739,75,2811.47455
-3.241602,953,2839.340528
-0.890701,110,2842.31175
-1.106243,76,2844.447558
-0.240159,119,2847.590973
-1.174187,56,2849.245257
-0.669564,97,2851.882972
-0.813683,74,2853.958487
-0.986424,63,2855.787041
-1.670912,124,2859.027164
-1.027645,71,2861.017015
-1.094629,60,2862.740048
-0.856893,72,2864.785751
-1.169483,60,2866.512668
-1.119808,57,2868.164154
-0.862675,85,2870.504112
-0.276261,132,2873.927921
-0.703098,98,2876.592045
-0.850809,77,2878.750187
-0.954788,76,2880.863348
-1.163688,57,2882.531438
-0.862776,84,2884.842566
-0.860101,78,2887.040889
-1.221874,51,2888.593509
-1.445479,40,2889.902207
-0.737346,77,2892.197233
-1.211923,51,2893.948578
-1.01472,64,2896.530162
-1.239572,106,2900.789262
-0.564129,105,2904.002014
-0.611329,569,2919.801934
-1.32528,116,2923.207277
-0.919158,94,2926.176512
-1.194046,56,2928.423476
-0.66079,83,2931.329236
-1.238028,50,2933.215438
-1.716313,36,2934.437775
-1.589006,46,2935.911832
-1.373342,47,2937.403044
-0.808784,179,2942.475177
-1.003733,72,2944.743026
-0.328224,151,2949.734418
-0.851552,144,2955.491987
0.844955,221,2963.514387
-0.982088,67,2966.691683
-0.422916,146,2971.772156
-0.761607,100,2975.336889
-0.857531,75,2978.249635
-0.584669,206,2985.604232
-0.754926,84,2988.561623
-1.779436,372,3000.668717
-2.293696,225,3007.354167
-0.693307,366,3017.902904
-1.413852,139,3021.757635
-3.016428,286,3029.777742
-1.978177,80,3032.236918
-1.364792,201,3037.889201
-1.132344,120,3041.488833
-1.243426,99,3044.219702
-2.547147,137,3047.81948
0.264749,1302,3083.332198
-1.32768,336,3093.279922
-0.344101,684,3111.982846
-1.306956,154,3116.349183
-1.470342,252,3122.661167
-1.461545,216,3128.776188
0.315436,479,3140.707945
-2.063126,93,3143.427369
-0.917234,114,3146.511107
-0.936383,120,3150.124782
-1.203694,92,3153.073103
-1.538055,109,3156.138483
-0.86759,177,3161.074608
2.02001,343,3170.162624
6.344244,1086,3196.738853
0.549513,360,3205.654397
-1.443818,77,3207.819305
0.215321,327,3215.970363
-1.462104,105,3218.791291
1.532092,330,3226.973289
-1.709671,65,3228.9132
-0.949074,226,3236.398358
0.661679,358,3246.954346
-0.457823,132,3251.135763
-1.97831,159,3256.802271
-0.339131,159,3261.999928
-1.19636,192,3268.260955
-1.054688,119,3272.232869
0.22812,174,3277.86625
0.236424,209,3284.688347
-1.051478,138,3288.678103
-0.964227,101,3291.529369
3.343407,444,3302.588432
1.029075,372,3312.511111
-0.24113,150,3316.402852
1.174642,294,3323.722234
0.640225,218,3329.890147
-1.392799,70,3332.102379
-0.017468,201,3337.776954
-1.646622,184,3343.765764
-0.526076,266,3352.682692
-0.92733,154,3356.874895
-1.276765,147,3360.886576
-0.378669,186,3365.745601
-0.129329,232,3371.562376
-0.555932,246,3378.181509
-1.180227,289,3385.912357
0.202309,237,3392.188465
2.879902,430,3403.752839
-1.465781,249,3410.733289
-2.686322,125,3414.182237
-0.204401,365,3424.216439
-1.432818,292,3432.115675
-2.69173,138,3436.026337
-0.892632,80,3438.507347
-0.327254,361,3448.475278
-2.491694,166,3453.136159
-1.005144,166,3458.03253
-0.710726,175,3464.120378
0.159956,428,3476.96972
-1.741077,170,3481.556655
-1.564324,96,3484.232309
-3.279364,175,3488.902525
0.162703,237,3494.97417
0.731031,788,3514.542145
-1.826351,85,3516.949878
4.296749,1023,3542.067408
23.780672,2505,3605.99284
0.070649,174,3610.718824
0.058364,323,3619.569879
0.518284,283,3627.084304
7.926429,1058,3653.642686
1.740143,470,3665.736718
-0.174517,115,3668.86786
-0.028977,180,3673.611306
-0.002895,145,3677.642605
-0.881688,79,3679.938095
-0.725722,149,3684.052574
-0.683487,89,3686.646701
4.395075,732,3705.001238
2.112973,603,3720.539964
1.447474,318,3728.846036
0.945912,247,3735.605479
4.309467,891,3759.623392
-0.676381,83,3762.077418
-0.978797,67,3764.222809
-0.562844,99,3767.34879
-0.169187,114,3770.556893
1.094484,183,3775.408908
0.530629,225,3781.351694
-0.0507,116,3784.787131
-0.344957,102,3787.928657
0.135975,128,3791.729976
-0.56836,107,3794.733255
-0.06572,132,3798.411402
1.702837,357,3808.052691
-0.709472,88,3810.602298
-0.78279,77,3812.784873
-0.073494,145,3816.890886
1.316138,221,3823.415223
0.618028,148,3827.454914
1.4002,210,3833.203684
0.963074,171,3837.920092
-0.853633,73,3840.000651
-0.18888,112,3843.033355
-0.907458,107,3846.269907
0.096526,129,3849.99694
-0.910786,70,3852.160007
-1.064356,62,3854.119433
0.30772,134,3858.277818
1.681938,211,3863.858453
4.060165,359,3874.154984
0.590652,199,3879.772205
1.637074,252,3886.573057
34.811557,3276,3968.957403
15.612494,1440,4005.356403
0.287837,285,4013.0856
2.58948,493,4025.826276
0.263562,137,4029.658099
-0.596633,123,4033.090309
0.992423,230,4039.246016
-1.103239,92,4041.938188
1.410665,327,4050.695888
-0.712353,83,4053.142154
0.588297,189,4058.323508
-0.441491,97,4061.192353
-0.339547,105,4064.217396
-0.748145,90,4066.828383
-1.155095,209,4072.381655
-0.355395,107,4075.329024
-0.915669,73,4077.475534
-1.084809,62,4079.404478
-0.996148,67,4081.405234
-0.980093,70,4083.514199
-0.686806,84,4085.980829
-1.372985,132,4089.707181
-1.089629,64,4091.646591
-0.470168,100,4094.562909
-0.165033,128,4098.214231
-0.872754,72,4100.416175
-0.718822,83,4102.913387
-0.285743,110,4106.113949
-0.892699,76,4108.413239
-0.49426,97,4111.20869
0.18994,135,4115.081051
0.6902,166,4119.692991
0.247869,132,4123.417751
0.652566,201,4128.835571
-0.391835,110,4132.016041
0.425263,143,4136.025258
0.432776,178,4140.791803
-0.75862,120,4144.173405
-0.354613,105,4147.207801
0.305172,199,4152.755081
0.043819,123,4156.151648
2.104943,234,4162.404044
1.821406,248,4169.106099
0.821803,169,4173.782538
1.000533,255,4180.44838
0.070775,127,4183.963896
0.788161,183,4188.929411
1.768084,255,4195.869937
1.78507,222,4201.820933
-0.554242,115,4205.111846
1.904157,279,4212.395846
-0.433047,106,4215.760986
12.877733,697,4235.167824
6.575497,587,4249.694487
0.449253,144,4253.43225
0.966051,193,4258.458849
-0.688903,83,4261.111623
3.963644,332,4269.883228
-0.409504,128,4273.595438
18.148081,1418,4314.52705
12.092553,910,4341.27727
17.136155,1110,4376.536613
5.019588,525,4391.264884
2.721873,334,4402.245034
3.776018,518,4416.719347
0.411436,190,4422.176998
17.677213,1102,4453.447568
7.265118,549,4468.078366
0.186529,129,4471.752438
4.470971,360,4481.503067
16.23652,991,4509.511258
1.510613,288,4517.429971
1.883772,229,4524.438551
6.102512,471,4537.981164
9.972262,806,4559.13212
26.240573,2046,4613.796402
3.812929,337,4623.901117
2.847283,269,4632.581912
11.199253,507,4648.352467
-0.095892,115,4652.367986
36.614957,1916,4717.627277
5.885335,455,4729.74206
-0.216729,110,4732.919055
-0.494834,94,4735.578626
-0.615554,84,4738.007957
20.721087,1099,4765.59359
20.66605,1171,4795.842837
0.457058,141,4799.557171
3.827135,319,4807.659997
-0.330251,100,4810.359239
1.736946,238,4816.46036
0.46615,140,4820.156147
0.829358,164,4824.468377
3.80299,313,4832.313319
-0.269083,100,4835.040802
1.284171,240,4841.194672
0.181422,151,4845.629919
5.437378,394,4855.468967
-0.187964,110,4858.449865
17.56836,845,4878.981061
1.355811,184,4883.775773
1.111855,181,4888.825924
0.414827,161,4893.433777
20.308861,1022,4919.370409
1.194512,258,4926.30475
3.595562,306,4934.311878
2.228533,298,4941.947024
5.658337,453,4953.807594
3.854481,335,4962.587622
4.655393,359,4971.983242
0.56751,176,4976.787219
-0.870935,125,4980.420405
-1.290931,75,4982.696838
3.644108,303,4990.657507
4.53442,349,5000.036424
1.373933,188,5005.20353
1.181421,178,5010.073403
0.290402,131,5013.706337
32.722542,1599,5057.018445
19.986874,1889,5105.47297
19.913147,1087,5135.560476
0.877182,163,5140.427332
6.339608,444,5152.445756
2.185856,239,5159.311906
15.331606,716,5178.913673
2.149474,229,5185.604499
0.675131,187,5191.135151
2.228577,257,5198.389552
1.155492,196,5204.427294
1.847607,272,5212.305072
0.328435,174,5217.318709
1.17883,181,5222.418561
1.496799,220,5228.418866
0.567765,231,5235.88659
0.805573,181,5241.095587
0.574964,147,5245.299906
4.655044,453,5258.191835
-0.798868,90,5261.204202
5.674334,497,5275.561374
2.06918,258,5282.533466
0.00583,149,5287.961962
1.130961,213,5294.577762
1.093014,195,5299.935192
-0.422006,113,5303.622764
0.366225,191,5309.370783
-0.860126,110,5312.628697
-0.004531,130,5316.514485
-0.157724,138,5320.810456
0.448562,193,5326.186744
-1.055026,102,5329.878873
0.85386,189,5336.295796
5.410274,414,5347.629133
-0.257478,144,5352.192274
3.087552,277,5359.940814
0.711566,165,5364.274897
2.366682,239,5370.461067
4.163382,330,5380.020578
3.974757,324,5389.29752
2.802053,269,5396.771301
-0.459039,96,5399.867996
12.268713,543,5417.078025
-0.849801,79,5419.605016
11.230616,493,5433.17548
1.180335,218,5438.832859
0.979767,180,5444.429786
-0.715067,82,5446.985324
2.593499,293,5455.154653
2.543351,256,5463.464862
11.250386,499,5478.01729
13.991595,628,5495.379182
1.442399,190,5501.133714
7.369026,495,5515.523735
0.889543,163,5520.598364
1.814256,208,5527.055827
1.572791,200,5532.851586
-0.330879,98,5536.259218
-0.047419,113,5539.843192
-1.103759,59,5542.014318
5.821842,416,5554.177381
1.468118,189,5559.826284
-1.146992,53,5561.743303
13.042078,589,5577.682738
0.859879,323,5586.630497
2.769744,301,5595.810414
4.964631,1875,5646.134176
7.548018,1219,5680.058118
63.75114,4001,5777.476747
68.266441,3870,5870.024033
2.031756,218,5875.597652
1.672536,207,5880.853618
77.871697,4001,5976.13264
70.122547,3727,6063.537615
64.610588,3550,6146.757724
72.620863,4001,6240.496637
64.848333,3397,6319.95489
78.139037,4001,6413.649106
70.291515,4001,6507.532705
55.965413,2948,6576.849208
6.085137,450,6587.802053
5.015131,486,6599.441648
5.928302,542,6612.400327
4.282533,489,6624.062655
6.807716,534,6636.837591
47.349523,2488,6694.908521
14.659725,749,6712.587142
-0.995551,62,6714.333353
47.513312,2490,6772.570005
2.104101,221,6778.136317
2.598839,246,6784.184879
-0.526129,87,6786.527032
-0.95636,64,6788.327206
-0.868249,70,6790.271658
-0.846602,70,6792.234253
48.593882,2420,9134.612912
71.137356,3647,9226.433829
54.627527,2763,9318.141202
2.788259,262,9325.161206
6.195387,440,9337.140934
9.164554,592,9351.793191
1.618126,257,9359.776439
2.986174,278,9368.763607
59.283616,3015,9448.566532
-0.949038,66,9451.023081
5.766042,426,9465.07392
35.258056,1716,9510.447489
62.514659,3113,9584.773188
14.123517,629,9599.785952
-0.139512,136,9603.27002
79.844995,4001,9701.827767
63.183628,3171,9782.382675
0.197163,152,9786.643703
-0.873557,70,9788.828532
37.260691,1821,9833.369115
-0.693675,77,9835.586204
-0.632771,84,9838.208815
-0.116091,108,9841.577296
-0.116337,113,9845.145333
6.543989,464,9857.242796
-0.95486,64,9859.211787
0.606998,152,9863.392947
28.327054,1363,9898.061559
-0.763171,91,9900.664622
2.595988,245,9907.262502
2.55116,243,9913.851317
32.262193,1570,9953.908391
-0.663521,85,9956.690777
-0.988849,66,9958.918164
5.520331,394,9969.776534
1.496131,227,9975.622895
-0.835031,69,9977.615946
-0.492356,111,9980.781207
-0.634164,81,9983.234928
-0.523387,88,9985.727932
-0.545527,84,9988.09707
-0.182937,122,9991.553958
-0.129102,115,9994.705786
-1.09968,56,9996.471449
-0.411669,101,9999.391046
15.935907,741,10018.857045
2.989206,267,10025.863727
-0.990769,74,10027.981992
-0.481148,88,10030.585122
1.687525,199,10036.006495
0.635129,146,10040.101236
17.400834,804,10060.894171
25.482816,1244,10093.628399
14.925324,686,10113.594555
7.223336,488,10126.080406
20.505266,960,10150.039969
6.0914,431,10160.806807
6.515982,446,10172.878089
-0.211685,101,10176.268949
8.770719,600,10193.530573
12.998387,573,10208.090984
2.677964,250,10214.47696
16.419412,753,10233.119894
18.367268,857,10254.245821
79.139265,4001,10354.760487
79.43905,4001,10453.634583
79.245661,4001,10553.712557
79.264026,4001,10653.34998
78.807511,4001,10751.829147
78.497865,4001,10850.420793
79.425033,4001,10946.183266
40.697774,2010,10994.285383
3.536117,295,11001.588529
79.515782,4001,11096.787102
79.184138,4001,11192.417636
16.8777,775,11211.182464
-0.478298,99,11213.856395
2.108417,221,11219.405824
0.193042,123,11222.628361
2.767122,254,11229.06059
2.155207,225,11234.827991
2.54853,245,11240.997727
-0.410029,91,11243.445014
-0.185428,103,11246.206544
17.455472,804,11265.780065
1.576711,194,11270.679472
0.192027,145,11274.429338
2.650407,249,11280.731095
-1.053596,59,11282.431899
1.218756,285,11289.524016
-0.505088,138,11293.164303
-0.466156,88,11295.588887
3.039037,277,11302.466683
1.644708,209,11307.830798
73.081534,3680,11396.051898
0.740675,153,11400.008781
1.751831,209,11405.395135
40.455777,1985,11452.89578
30.248605,1463,11489.054008
1.248297,176,11493.505519
4.96379,428,11504.009706
11.43805,498,11516.151032
5.414687,388,11525.749576
6.110911,425,11536.238697
2.505542,353,11544.931236
34.964272,1696,11585.362641
5.134895,375,11594.617433
6.758796,456,11605.748648
0.986786,163,11609.929439
5.086736,385,11619.539299
32.172226,1607,11658.002741
1.002403,170,11662.386711
3.948209,317,11670.300602
13.687291,615,11685.254376
32.964179,1608,11723.699774
0.085318,128,11727.065328
42.880121,2100,11777.318555
1.437174,189,11782.147791
11.656728,504,11794.586418
12.595685,572,11808.604443
0.14744,130,11812.044322
2.350303,241,11818.104599
-0.046577,120,11821.331339
4.936004,367,11830.437292
13.62664,642,11846.209934
23.82593,1131,11873.716691
14.302434,717,11891.116944
10.786775,462,11902.553028
3.010402,271,11909.374794
1.086609,175,11913.872757
79.651733,4001,12009.705126
46.683107,2305,12065.044851
79.999097,4001,12161.142019
14.747676,716,12178.644665
21.484734,1025,12203.42275
74.070948,4001,12299.141705
48.889081,2412,12358.328444
4.392018,338,12366.747529
1.9717,214,12372.164203
-0.027326,112,12375.162461
68.981058,3447,12462.375618
15.233145,686,12480.43828
-0.103135,108,12483.537391
1.945838,212,12489.33514
15.639675,709,12507.971225
31.415948,1519,12547.245783
0.429587,151,12551.474726
0.546952,141,12555.458725
13.002159,578,12570.736807
25.757986,1236,12602.984162
-0.068902,116,12606.391825
2.219721,242,12612.995342
1.817955,205,12618.587141
-0.227716,100,12621.48542
12.671695,564,12636.33223
5.488185,463,12648.586309
5.417589,389,12658.98083
5.463693,577,12674.311212
0.260184,128,12677.934641
12.945948,588,12693.540375
2.157183,244,12700.147999
-0.2515,119,12703.51905
3.717251,305,12711.740793
2.297456,229,12717.984305
6.148595,487,12730.956001
-0.00744,122,12734.452729
13.310077,597,12750.248534
0.087858,133,12754.026151
2.603838,251,12760.883698
4.486516,367,12770.756503
6.205475,431,12782.382618
-0.297041,170,12787.092175
-0.43652,91,12789.781179
-0.78527,72,12791.963686
19.518319,1002,12818.211786
1.830063,206,12823.824611
-1.055381,57,12825.622175
-0.937719,65,12827.595955
-1.003068,60,12829.470069
33.384,1621,12872.13853
-0.380761,142,12876.129844
-0.523831,111,12879.325646
-0.550246,84,12881.797605
1.620777,197,12887.247717
-1.296677,45,12888.72629
12.031393,629,12905.421983
10.773458,528,12919.473084
16.899006,816,12941.064465
4.324544,332,12950.074001
-1.020186,59,12951.91117
-1.206007,51,12953.534462
36.803517,2494,13019.173581
24.457969,1169,13049.922285
-0.985662,62,13051.828803
23.577187,1168,13082.479224
2.584617,243,13089.106715
4.832653,391,13099.564352
80.236614,4001,13203.528558
52.950592,2614,13272.030974
80.022494,4001,13376.43071
-0.367811,94,13379.162824
-0.867814,78,13381.464374
-0.974653,63,13383.428259
0.272584,212,13389.200111
23.527809,1187,13420.010565
-0.624557,82,13422.453978
28.217568,1353,13457.870806
0.626017,177,13462.75213
20.828141,1026,13489.815505
-1.451007,53,13491.495887
-1.241319,55,13493.24351
-0.658541,552,13508.365699
-1.276639,48,13509.921586
-0.172346,112,13513.133949
0.271742,312,13521.666084
2.045426,447,13533.752734
2.414313,246,13540.529934
5.523864,563,13555.89095
-0.648304,168,13560.779507
7.065216,483,13574.065895
1.770546,209,13579.96032
6.774736,463,13592.589195
6.971066,469,13605.381974
-0.91085,66,13607.391495
-0.062889,110,13610.593882
7.838532,512,13624.269478
-0.648495,80,13626.644538
8.434468,596,13642.600121
-0.961987,69,13644.71813
-0.109096,109,13647.820329
15.695528,718,13666.956051
-0.173629,109,13670.124744
-1.034712,59,13672.067525
-0.204684,103,13675.152677
5.228778,397,13685.94823
-0.606037,90,13688.635984
-0.543784,96,13691.482025
-0.950814,66,13693.556073
-1.106583,64,13695.561082
-1.16044,118,13699.018435
-0.479717,106,13702.12789
0.021413,115,13705.484535
-0.993873,68,13707.621112
-0.737908,83,13710.081753
0.607305,146,13714.191886
2.457753,241,13720.785962
2.227414,248,13727.639757
0.437612,134,13731.436694
3.652045,304,13739.682065
6.793082,469,13752.256928
-0.43617,91,13754.943334
2.67073,392,13765.611771
5.580653,451,13777.742289
2.471544,267,13785.051917
13.567669,660,13802.691795
5.775224,423,13814.125676
7.157379,599,13830.16636
0.036271,128,13833.811021
2.289301,386,13844.207631
31.962878,1615,13886.997638
-0.136116,107,13890.118914
0.859011,158,13894.553453
4.472223,343,13903.814912
35.517942,1739,13949.184061
36.747969,1798,13996.789592
21.989169,1073,14024.885312
80.284975,4001,14130.217078
1.841674,209,14136.057653
43.370895,2127,14192.727432
-1.102058,62,14194.689412
-1.193771,58,14196.519746
-1.131272,58,14198.349124
-1.364638,47,14199.928805
38.165305,1914,14250.405186
-0.772693,85,14252.901708
-0.934652,74,14255.118145
-0.438502,98,14258.033408
-1.195795,58,14259.859491
-0.644886,100,14262.814151
-1.161962,63,14264.787814
-0.899868,70,14266.944254
-1.010866,68,14269.037022
-0.024526,114,14272.394275
-0.75231,76,14274.687678
-1.06814,65,14276.733196
-1.470297,50,14278.359766
-0.538242,91,14281.055973
-0.784525,102,14284.000261
0.255263,143,14288.112165
0.052634,119,14291.531451
50.977603,2509,14357.530817
73.898559,3667,14453.625189
36.108788,1766,14500.901047
-0.372546,104,14503.879426
41.590914,2063,14558.586188
0.536352,152,14562.847547
48.603205,2433,14626.969307
6.588764,463,14639.490201
0.098655,131,14643.272924
0.935797,184,14648.442463
1.318687,221,14654.543945
2.694688,313,14663.137804
2.526645,254,14670.21123
1.195358,254,14677.298888
-0.689841,132,14681.089739
-0.5228,100,14684.046249
1.450118,221,14690.183628
46.624278,2624,14759.812987
5.655547,420,14771.418383
6.103889,433,14783.271707
6.232884,533,14797.749843
1.119952,192,14803.186761
2.555935,274,14810.786032
1.219835,200,14816.352957
16.826379,780,14837.446079
0.640218,153,14841.809913
0.283915,183,14847.010941
-1.883486,171,14851.851361
32.356446,1571,14893.754197
1.044877,182,14898.867075
4.444841,342,14908.219276
0.509864,141,14912.233064
2.892868,274,14919.746615
51.940448,2599,14988.508346
10.290426,527,15002.770833
32.624818,1568,15044.239995
13.642079,602,15060.538854
6.075659,422,15072.055685
-0.15444,108,15075.233801
0.175962,125,15078.900568
-0.630466,80,15081.317572
31.570715,1519,15121.920231
33.655578,1666,15166.985479
20.712366,962,15193.092947
31.534438,1529,15234.31623
20.853788,970,15260.360476
11.891429,516,15274.447226
-0.205704,101,15277.427345
12.012191,552,15292.566889
16.080777,728,15312.169301
0.082461,121,15315.679467
45.612301,2231,15375.088813
-0.38745,114,15378.442828
39.063525,1900,15428.853584
41.07589,2075,15484.182598
1.86006,207,15489.95364
-1.477126,38,15491.280197
2.748499,254,15498.35524
-0.522131,86,15500.963474
2.765946,287,15508.88658
1.299853,179,15513.917324
5.095123,445,15526.024116
0.067676,129,15529.771753
1.893317,248,15536.648151
-0.762029,79,15539.06199
5.369557,444,15551.10429
-0.704115,81,15553.544403
14.554125,741,15573.577483
29.042395,1460,15612.561224
3.973527,312,15621.15167
15.028403,698,15640.055636
6.986628,581,15655.847765
12.400004,555,15671.065736
0.065313,168,15675.833965
11.58971,501,15689.411727
15.813691,726,15709.077935
31.050278,3250,15797.115477
3.162746,316,15805.867184
19.726899,2302,15868.023072
53.909772,2715,15941.510077
0.861519,156,15946.069402
1.767731,202,15951.898979
2.823987,262,15959.318936
2.996901,266,15966.901595
6.138107,427,15978.761595
3.123933,298,15987.085332
0.679534,147,15991.332839
2.340203,232,15997.908909
0.192559,127,16001.649561
1.510821,189,16006.944304
14.404776,646,16024.605262
65.631117,3253,16112.056207
2.565926,282,16119.879728
38.682041,1903,16171.246792
72.025808,3577,16267.851927
36.581308,1770,16315.544398
42.339706,2061,16371.401886
60.28248,2977,16451.609727
0.841618,156,16456.129278
-0.591016,84,16458.704024
4.280333,329,16467.922462
13.516407,617,16484.645398
29.832596,1424,16522.919124
-0.740897,76,16525.304789
44.533798,2225,16585.459855
-0.724026,81,16587.934615
5.132452,390,16598.731245
6.044007,422,16610.449591
0.518744,157,16614.995192
-0.769951,73,16617.230917
1.722052,199,16622.923103
0.403615,133,16626.8052
-0.507069,93,16629.628054
14.545109,650,16648.216717
4.232039,335,16657.449554
-0.503484,90,16660.191343
49.669277,2436,16725.65298
12.086352,524,16739.960258
58.420578,2880,16817.834158
36.383128,1762,16865.304399
-0.927716,64,16867.340719
-0.167964,104,16870.424486
-0.809497,70,16872.63047
-1.119377,55,16874.415479
-0.227457,102,16877.493435
0.178707,126,16881.182352
-0.721467,75,16883.492858
-0.19311,103,16886.371263
3.021182,266,16893.786637
11.319991,484,16907.240013
-0.754969,101,16910.274415
-0.699637,76,16912.594141
-0.094048,137,16917.357257
5.724552,426,16929.127462
12.382164,537,16943.816044
24.353366,1150,16975.068931
3.577439,296,16983.369653
21.451681,1000,17010.548425
-0.871117,66,17012.611184
-0.283461,96,17015.48467
-0.28492,97,17018.414438
4.949626,365,17028.531277
-0.581526,87,17031.209124
2.261575,227,17037.641212
-0.54151,84,17040.180307
3.252204,277,17047.903309
17.192698,783,17069.552244
-0.565551,83,17072.076284
26.867624,1278,17107.03379
3.395377,287,17115.128829
-0.748701,74,17117.438953
77.901124,3883,17222.710575
39.871386,1961,17276.314172
13.377828,602,17292.910813
-0.206994,101,17295.967107
10.031554,434,17308.011386
3.5338,294,17316.319723
30.240099,1480,17356.584396
46.009752,2274,17418.202017
19.859108,926,17443.358723
22.382442,1210,17476.46997
2.014156,214,17482.550411
16.223575,739,17502.961452
19.963223,937,17528.866294
18.557929,856,17552.394639
11.608524,502,17566.330934
2.201113,224,17572.774159
0.83579,159,17577.375142
16.968623,792,17599.19206
50.343516,2529,17668.264351
0.905484,161,17672.948667
2.013497,249,17680.045314
0.446539,144,17684.251406
5.925456,415,17695.87448
1.057247,209,17701.864547
0.45622,178,17707.03899
13.809692,696,17726.140632
1.537471,200,17731.864391
1.168806,171,17736.845007
4.336033,371,17747.249102
1.305151,189,17752.703556
2.714646,323,17761.863865
21.389889,1011,17789.803897
14.187328,633,17807.269317
-1.057492,79,17809.888683
1.061024,169,17814.854701
4.308125,333,17824.368446
5.311525,384,17835.095567
34.512019,1702,17881.593215
12.982045,568,17897.188278
34.33227,1662,17942.331634
-0.024512,114,17945.725383
0.667819,154,17950.222459
14.018069,626,17967.407402
46.282354,2265,18029.01283
28.118624,1346,18065.816813
2.127151,221,18072.087337
0.626066,143,18076.235744
5.847791,409,18087.665093
5.116028,372,18098.034625
17.42396,796,18120.078161
17.033955,787,18141.872656
80.00997,4001,18250.598681
3.387746,318,18259.621425
3.94392,322,18268.766589
27.386682,1375,18306.684697
80.062926,4001,18416.581121
12.354288,576,18432.724679
3.847692,320,18441.859483
51.336548,2539,18511.415815
12.553518,583,18527.666034
2.33529,243,18534.660797
2.341009,297,18543.147385
6.166442,451,18555.733077
23.465222,1109,18586.24701
-0.539199,91,18589.01684
4.214145,331,18598.393432
16.233714,745,18618.978269
4.236639,334,18628.424431
6.158041,434,18640.694555
-0.560526,85,18643.29038
2.279983,229,18649.903286
16.994397,775,18671.606256
2.248288,226,18678.108031
6.806261,462,18691.087374
15.060452,684,18710.581279
36.34309,1773,18759.587386
-0.607079,82,18762.160354
-1.280263,47,18763.756735
2.061816,226,18770.258785
39.589147,1933,18823.51487
5.334573,384,18834.327474
-0.174499,103,18837.508225
1.536349,192,18842.998226
-0.285693,99,18846.014998
-0.450241,88,18848.686076
-0.147691,134,18852.698271
-1.023361,61,18854.69819
-1.025037,74,18857.083438
-1.057334,61,18859.047778
-1.121357,55,18860.862646
-0.881399,67,18863.018658
-0.124333,108,18866.291589
14.671338,666,18884.827495
5.554849,397,18896.014369
1.005544,188,18901.490226
-0.641397,110,18904.849427
1.100459,183,18910.196808
18.661113,866,18934.438697
24.966289,1190,18967.344559
1.908495,220,18973.646124
5.59247,396,18984.718974
3.841716,305,18993.32272
1.450267,188,18998.769293
-0.853339,70,19001.017157
3.84382,343,19010.676344
12.76497,561,19026.249371
2.047113,327,19035.599377
1.23109,214,19041.778349
11.484145,802,19063.910076
1.053853,329,19073.311794
1.932793,302,19081.972704
0.410934,148,19086.386109
-0.253362,109,19089.768408
2.227838,270,19097.501375
-0.371365,145,19101.799078
8.793245,730,19122.003202
5.82046,455,19134.68959
-0.859556,69,19136.888037
-0.274582,116,19140.331411
5.112725,385,19151.089464
2.151669,281,19159.007756
-0.239201,165,19163.844993
-0.932636,76,19166.252245
-0.377012,101,19169.307328
-0.785396,75,19171.678707
20.172132,980,19199.096955
3.778323,303,19207.813555
0.396308,134,19211.87869
9.030392,616,19229.19365
79.853912,4001,19340.411402
17.661996,807,19362.872792
42.805634,2110,19420.654354
16.450017,757,19441.6248
16.107539,733,19462.043693
2.733998,278,19470.038488
13.750975,625,19487.596877
2.449132,236,19494.450718
14.864115,664,19513.214191
64.488207,3189,19602.194079
34.791843,1685,19648.803083
1.685403,198,19654.565564
11.224129,482,19668.163624
29.574596,1447,19708.61933
52.50694,2583,19779.862766
51.236709,2544,19849.858447
1.166609,177,19855.049733
59.287509,2947,19936.632328
23.897604,1124,19968.105185
31.712583,1527,20010.651581
14.751545,664,20029.342761
13.67848,611,20046.5796
0.863249,156,20051.176922
0.648178,196,20056.928985
-0.540698,87,20059.616385
0.814867,154,20064.205546
-0.639769,80,20066.717862
0.628235,145,20071.051571
0.857757,200,20076.92583
1.654733,260,20084.506791
0.655288,154,20089.121863
4.182077,374,20099.720926
0.901783,167,20104.648432
1.11701,185,20110.084368
1.004718,213,20116.356771
-0.174069,108,20119.659438
-0.324541,107,20122.929179
-0.349298,95,20125.893729
-0.311042,111,20129.284394
8.642893,584,20145.730617
5.074757,392,20156.882915
-0.837059,70,20159.204775
-0.724074,77,20161.700359
-0.817683,72,20164.057252
-0.856529,71,20166.368629
-1.120915,59,20168.332611
-1.010323,60,20170.31214
-0.990523,62,20172.356147
1.673714,197,20178.224456
5.050581,532,20193.225931
1.313739,180,20198.493896
2.973513,265,20206.158105
2.86831,308,20215.039669
8.604325,584,20231.497706
1.055686,196,20237.299852
-0.954602,72,20239.622956
3.716554,315,20248.596091
-1.324536,53,20250.369094
-0.691718,96,20253.364985
0.013152,113,20256.815863
6.17836,631,20274.630386
-0.048951,137,20278.722621
2.531829,248,20285.835687
-0.664219,79,20288.319757
0.708736,154,20292.917097
0.373207,150,20297.36408
-0.401811,102,20300.47724
-0.943095,65,20302.602195
0.424393,233,20309.37946
1.600438,195,20315.040642
-0.699852,218,20321.488595
0.40453,195,20327.226533
0.965304,169,20332.244514
0.12926,120,20335.826913
-0.936528,65,20337.949225
0.520444,140,20342.122789
-0.077358,108,20345.457841
-0.266317,103,20348.605361
0.887648,173,20353.667927
0.045397,114,20357.093375
0.668348,233,20363.909218
-0.144132,108,20367.192093
3.872011,374,20377.802013
1.291228,707,20397.72459
7.552776,587,20414.174758
2.529844,288,20422.477189
-0.014298,127,20426.224314
0.632768,152,20430.690863
13.771629,618,20448.121251
0.710292,152,20452.649872
29.396752,1408,20492.014189
12.32488,538,20507.196248
6.014585,420,20519.146727
0.638482,152,20523.701851
1.302815,181,20529.779569
23.91825,1136,20561.569016
2.797874,295,20570.028452
5.731991,409,20581.700616
10.006078,425,20593.780972
79.410374,4001,20703.882608
52.730163,2687,20779.543916
37.236526,1814,20830.762693
43.467621,2179,20891.760583
33.235788,1678,20938.780205
79.513921,4001,21050.289232
79.653493,4001,21162.522609
78.834206,4001,21274.566221
24.638151,1175,21307.734761
17.484452,869,21332.325698
14.257363,643,21350.692778
-0.97896,72,21353.018711
60.737644,3086,21440.156078
45.524011,2237,21502.572027
1.772427,204,21508.577909
18.354819,849,21532.356712
15.42321,711,21552.537006
-0.780396,84,21555.180287
-1.061881,81,21557.750626
21.252859,1004,21585.946044
44.825182,2238,21648.193972
12.833535,565,21664.386528
13.958633,631,21682.265866
1.465181,191,21687.934237
31.902889,1549,21731.287389
1.697466,221,21737.817037
16.195264,756,21759.166462
31.189529,1513,21801.631319
0.13762,119,21805.247039
4.637754,348,21815.325869
4.791686,357,21825.527214
0.493884,172,21830.650146
3.469903,375,21841.375597
19.633976,914,21867.106142
5.907349,417,21879.020915
11.729375,507,21893.525898
12.127407,626,21911.268816
18.078188,854,21935.377385
4.084776,319,21944.663805
-0.665364,99,21947.776809
-0.846146,107,21951.092631
-0.344176,97,21954.157718
-1.186686,58,21956.088333
-0.944921,76,21958.577471
-0.264325,101,21961.950666
2.938401,261,21969.781263
22.771573,1070,22000.316999
-0.232513,116,22003.886254
0.989606,172,22009.036314
0.567994,158,22013.884255
11.485052,496,22028.351132
26.7431,1276,22064.915941
43.940213,2154,22125.603604
28.349284,1375,22164.365542
64.382586,3227,22254.964187
43.507289,2135,22315.324634
21.601897,1009,22344.114371
47.703273,2346,22410.266455
21.408194,1029,22439.643163
4.880219,360,22450.121986
23.059312,1085,22481.084773
10.416332,451,22493.990809
1.429615,203,22500.044738
0.215587,124,22503.89518
0.424452,135,22508.089818
1.807829,212,22514.4091
-0.449282,89,22517.22593
1.237494,176,22522.559904
2.317987,229,22529.301863
10.846178,459,22542.577239
19.983699,928,22569.170398
6.466786,454,22582.275403
2.251403,279,22590.61503
2.164199,223,22597.207723
12.453928,702,22617.353926
18.975575,874,22642.696318
31.325536,1601,22688.340836
2.083363,415,22700.363267
19.731129,917,22726.377087
19.703675,915,22752.262781
3.495763,293,22760.815284
2.789844,269,22768.711414
0.398406,140,22772.940865
7.544243,510,22787.622476
38.296801,1879,22840.806319
7.622508,504,22855.206059
3.130481,284,22863.773081
15.675637,710,22884.158729
0.215534,125,22887.971831
1.529262,194,22893.824395
13.827156,616,22911.506281
16.046012,728,22932.496684
34.864481,1692,22980.609806
0.071365,115,22984.15096
19.347968,902,23009.818464
17.180342,788,23032.455865
50.642848,2542,23104.396948
7.314712,493,23118.395613
29.736312,1433,23155.185539
-0.24758,139,23159.492915
4.320728,335,23169.260986
5.09309,378,23180.250005
7.003502,494,23194.57271
17.635749,809,23217.913453
0.866537,157,23222.755149
5.255476,383,23234.087018
0.995032,168,23239.219087
-0.598051,81,23241.841138
1.13868,444,23254.930896
2.47188,245,23262.190784
1.821053,204,23268.323833
0.382181,132,23272.426691
0.722154,148,23276.954315
0.963729,161,23281.937557
0.183352,121,23285.721209
18.247589,835,23309.853227
37.806967,1831,23361.707522
0.0288,121,23365.418652
5.707316,406,23377.290188
4.362377,337,23387.125839
4.965152,364,23397.719358
26.980806,1282,23434.433888
0.909565,249,23441.851225
50.171894,2531,23514.07653
32.619015,1627,23560.850087
1.093806,226,23567.727441
0.644988,148,23572.228651
0.603448,146,23576.710503
24.889891,1183,23610.62219
49.814176,2492,23681.704872
44.22601,2186,23744.131104
38.726806,1882,23798.540346
0.783774,152,23803.165192
-0.365381,108,23806.593993
14.503317,654,23825.767611
0.806817,156,23830.541443
12.847816,566,23847.163892
0.196567,141,23851.529078
4.665537,358,23862.106305
1.019207,173,23867.349328
-0.715614,88,23870.169202
1.361067,191,23876.012875
-0.072472,113,23879.513577
-0.22423,106,23882.906117
2.317676,235,23890.034029
1.635292,202,23896.17762
0.992494,167,23901.332709
4.488367,370,23912.402704
5.830761,446,23925.42997
4.291481,339,23935.445134
3.344616,286,23943.939476
-0.167229,106,23947.226438
2.224635,230,23954.091054
1.299757,182,23959.576687
-0.800179,74,23961.991504
0.461568,142,23966.318482
-0.787897,75,23968.767733
-0.487423,92,23971.668355
1.723858,203,23977.761234
2.893564,261,23985.474269
3.826164,317,23994.708401
1.254859,182,24000.135148
15.42706,696,24020.144872
4.649819,353,24030.472826
2.276992,230,24037.386232
7.076125,475,24051.175251
1.907678,232,24058.130017
2.243806,231,24065.060888
1.017992,215,24071.497901
-0.897781,71,24073.828854
-0.691288,79,24076.384915
-0.540454,83,24079.100341
-1.001624,61,24081.158172
-0.884715,66,24083.344446
-0.981027,67,24085.565638
-0.791187,126,24089.492073
0.233659,128,24093.446566
2.68314,259,24101.166184
1.447796,206,24107.357695
1.146882,174,24112.62508
1.719454,232,24119.543308
-1.01838,109,24122.93521
-0.343861,124,24126.770332
5.329885,394,24138.374728
15.758669,714,24159.272122
3.024597,341,24169.294451
1.848539,262,24177.052414
-0.830311,80,24179.649843
-1.008248,61,24181.70521
-1.087241,99,24184.896249
-1.293433,79,24187.475013
-1.226895,94,24190.44448
-1.153634,60,24192.47788
-1.257599,54,24194.314995
-1.271027,49,24196.020048
-1.434464,46,24197.660581
-1.02705,63,24199.752665
-1.428207,84,24202.47856
-0.980353,65,24204.640317
-1.006507,121,24208.469105
-0.929993,64,24210.621255
-0.668715,130,24214.730082
-1.071932,144,24219.168727
1.394598,290,24227.753609
-1.264082,67,24229.973906
-1.015384,80,24232.548031
-1.233653,58,24234.575452
-0.86282,96,24237.615247
-0.366517,108,24241.056535
-1.086797,69,24243.331998
-0.967767,165,24248.417123
-0.961831,120,24252.15548
-1.055577,99,24255.292525
3.536857,322,24264.835111
-1.012627,73,24267.237991
-0.847174,78,24269.759073
0.456556,256,24277.4128
-0.646811,89,24280.269721
0.191617,145,24284.7976
-0.409736,106,24288.146789
-0.700274,90,24291.084766
0.18959,146,24295.566255
-0.087258,112,24299.100614
0.243238,126,24303.040222
-0.468971,157,24307.824119
6.060868,444,24320.916728
0.595572,142,24325.29434
-0.634901,137,24329.538918
0.347497,237,24336.708947
-1.540637,62,24338.771793
-1.704067,62,24340.836451
0.340645,143,24345.231591
-0.201382,124,24349.107103
0.654499,151,24353.734838
-0.608433,83,24356.422282
-0.48156,88,24359.309101
-0.189926,101,24362.555279
3.228627,564,24379.163987
2.417882,241,24386.384396
-0.822695,73,24388.816006
-1.140021,56,24390.761937
1.312737,183,24396.343727
-0.921147,65,24398.517347
-0.946213,67,24400.730716
-0.932572,68,24403.002121
13.945023,617,24421.004802
1.460073,223,24427.718702
1.832865,210,24434.070777
6.928039,463,24447.681469
4.682489,350,24458.074061
9.130815,601,24475.650961
1.962302,409,24487.690669
21.781202,1045,24518.238512
4.015093,318,24527.722315
2.485205,243,24535.022026
3.126458,271,24543.23551
24.334799,1144,24576.612623
-0.403968,91,24579.527651
21.945641,1028,24609.532301
12.431949,541,24625.369349
29.33369,1403,24665.772699
0.389338,134,24669.90431
1.442477,186,24675.64625
14.892988,687,24695.713871
16.396235,742,24717.300426
5.794025,408,24729.41088
-0.735695,88,24732.259971
0.676664,153,24736.951311
1.489352,188,24742.660678
25.359764,1201,24777.597781
11.348584,492,24792.077413
6.566083,450,24805.361495
25.300009,1199,24867.10348
20.353166,946,24902.855072
15.22001,714,24926.986959
32.336881,1560,24979.281694
4.628263,377,24992.23591
2.465128,274,25001.812355
25.532743,1305,25047.333019
12.985836,573,25069.301255
5.258942,383,25086.272502
-0.121707,112,25091.542434
4.812783,367,25104.861304
-0.31664,109,25109.932633
1.988255,222,25118.457856
-0.142551,138,25124.349174
3.411478,292,25137.233883
6.293087,446,25154.70607
0.935231,196,25164.527389
16.956775,766,25195.853075
26.332433,1422,25246.625722
3.006015,388,25260.470053
2.544976,346,25272.825849
1.654077,208,25280.542522
-0.200186,111,25284.960882
1.028406,168,25291.459269
67.439253,3432,25413.188328
21.522155,1013,25448.465703
0.946301,187,25455.845758
1.221272,243,25464.796051
2.342237,270,25474.661215
8.880154,585,25493.719336
-0.067317,110,25497.240102
-0.226773,105,25501.289144
4.15236,355,25517.581149
-0.910917,111,25522.916826
-1.114815,56,25525.80214
-0.78424,72,25529.269445
-0.261084,129,25535.300799
2.880005,257,25547.711431
-0.200074,142,25555.07813
20.572026,1006,25598.53984
-1.029277,114,25603.385321
-0.474582,182,25611.13738
3.027781,325,25625.031234
0.047575,137,25630.449706
-0.631653,79,25633.664809
0.541634,139,25638.930835
0.485944,181,25645.847154
1.43988,185,25652.891335
2.67576,262,25662.650608
0.728798,152,25668.340137
22.117835,1063,25705.713013
-0.313308,112,25709.330192
1.024023,174,25714.726624
14.460235,655,25738.281566
-0.591176,81,25741.452036
12.484359,549,25760.844115
-0.39496,97,25764.571616
0.252094,129,25769.397165
1.649267,299,25780.968677
26.752005,1277,25826.844028
6.729547,456,25844.547868
-0.79999,76,25848.007836
5.672064,412,25863.56157
-1.135226,55,25865.725411
1.512141,234,25873.396357
0.908344,160,25878.496613
-0.97631,73,25880.929787
0.938356,159,25886.504822
-0.196784,105,25890.261577
7.02124,474,25911.317991
4.121758,326,25921.297517
0.273943,131,25925.406035
0.65546,147,25929.966159
4.022816,317,25939.470847
3.721139,305,25948.570067
22.099665,1033,25987.456829
3.079544,269,25998.741164
3.577394,294,26010.126624
3.961399,315,26022.610705
10.475148,661,26048.249531
2.543735,250,26058.210308
25.224502,1344,26110.363856
0.428954,136,26115.942732
0.90777,161,26122.50194
0.268198,128,26127.893473
0.68305,150,26134.121571
1.40305,200,26142.024887
6.039594,419,26158.588349
1.930589,247,26168.597566
3.77939,356,26182.406844
18.676631,895,26216.844887
14.37854,642,26240.823176
-0.393284,91,26244.491592
3.367453,297,26255.636393
0.290913,126,26260.108941
15.952335,804,26286.590744
-0.681575,76,26289.425872
1.38259,189,26295.88264
1.993942,212,26303.11107
3.012673,267,26312.151455
1.826071,204,26319.158174
4.888826,360,26331.198977
23.797873,1178,26369.904957
21.046231,988,26402.240371
12.909942,567,26421.001994
15.047926,681,26443.53086
22.392003,1045,26478.158843
19.444105,894,26507.455711
22.39492,1044,26541.862735
17.779333,816,26566.12935
3.877468,311,26575.854068
18.008561,831,26603.983966
35.858727,1736,26661.13298
2.357553,232,26669.18448
4.682552,355,26680.932843
2.982631,277,26690.285766
11.173725,479,26706.007716
16.23305,739,26730.277055
0.280472,124,26734.617558
13.226633,600,26754.478181
0.175076,127,26758.969607
-0.416585,97,26762.434511
30.293683,1447,26809.63821
2.163256,222,26817.253219
6.710117,454,26832.317841
2.972658,273,26841.427357
16.321998,755,26866.172577
2.551028,255,26874.755469
7.946871,517,26892.238508
3.375663,284,26902.115866
5.826628,407,26915.566646
18.661063,857,26943.642971
2.720946,261,26952.399385
-0.090613,108,26956.276608
0.287836,126,26960.655042
5.546802,392,26973.619945
1.191878,183,26979.912156
0.114272,124,26984.185416
-0.028329,117,26988.421665
-0.860896,77,26991.28135
0.406287,138,26997.113778
1.546451,251,27005.702138
1.119071,211,27012.875513
-0.111187,114,27016.85954
3.326662,328,27027.781933
0.936997,173,27033.69868
2.98985,271,27042.78753
0.241362,127,27047.242918
-0.599905,129,27051.752241
0.033584,112,27055.702058
-0.14065,103,27059.481874
-0.328958,94,27062.927495
-0.422387,88,27066.104995
0.364788,183,27072.375432
2.518086,250,27080.744783
2.657518,275,27090.026767
2.305665,247,27098.432818
-0.444648,357,27110.320589
0.88868,172,27116.20422
1.786851,219,27123.659801
7.175502,721,27147.105739
1.89887,247,27155.449989
2.386426,264,27164.270277
1.320483,210,27171.370764
14.719763,681,27193.565684
14.603303,651,27214.852419
31.04501,1667,27268.609687
62.120331,3401,27379.201255
5.113529,387,27392.13692
1.652505,218,27399.643353
5.98634,434,27414.032546
2.89842,348,27425.654553
2.774155,344,27437.24584
7.34836,569,27456.042639
4.310499,367,27468.331823
8.003046,536,27486.098584
7.680731,506,27502.997056
0.977109,167,27508.812652
14.592137,689,27531.863784
16.31916,823,27559.500899
2.75957,256,27568.357585
7.490686,629,27589.397277
0.232989,168,27595.289786
21.692666,1020,27629.469757
0.895559,193,27636.154595
1.003752,174,27642.265647
3.581169,344,27653.955033
1.714212,206,27661.052219
11.839917,747,27685.757881
2.599195,258,27694.639608
2.76808,259,27703.417706
1.899112,222,27711.010742
1.736167,227,27718.726285
2.344653,246,27727.064498
-0.75963,84,27730.143793
-0.445947,99,27733.798986
1.546839,202,27740.710151
3.135714,277,27750.441506
0.969703,173,27756.460929
-0.654385,102,27760.350047
0.535536,176,27766.416681
1.745963,219,27773.969643
-0.770747,91,27777.283777
1.622749,210,27784.494799
8.057846,707,27807.932487
-0.095367,113,27811.982796
0.042706,158,27817.559627
1.765509,208,27824.825012
-0.195083,104,27828.583695
0.154524,124,27832.977873
1.240379,184,27839.405008
3.024391,549,27857.827617
22.108884,1146,27895.749364
0.004192,114,27899.864337
0.255645,130,27904.520163
0.489254,138,27909.401271
0.200195,124,27913.816217
0.135886,118,27918.03592
-0.104266,126,27922.567022
0.506185,139,27927.467407
2.258847,229,27935.305589
0.330698,148,27940.508945
23.441046,1904,28003.359562
-0.375381,113,28007.44453
-0.264506,110,28011.418354
7.653647,977,28043.889852
-0.783429,113,28047.877823
-1.941819,173,28054.086164
-0.754581,79,28057.144393
-1.173599,91,28060.453988
-0.829415,336,28071.881965
                                                        