#{"t_start": 1639640444.8133337, "env_id": null}
r,l,t
1.365186,499,3.574773
4.418554,1001,10.381554
-0.594606,126,11.518042
4.437227,1001,18.378803
2.031291,1001,25.230695
0.379093,328,27.688581
0.497878,735,33.533535
3.386919,1001,40.377245
1.822255,1001,47.22262
-1.094735,48,47.86244
1.505202,1001,54.674974
-1.025027,1001,62.255306
2.076569,1001,69.083099
-1.103757,22,69.557697
4.740702,1001,76.386678
-1.028057,28,76.895516
5.626935,818,82.523736
0.801298,283,84.682003
1.932581,1001,92.231897
3.599936,1001,99.057328
4.924107,1001,105.883872
1.340306,1001,112.709113
1.721693,1001,121.970664
-0.745891,121,123.362971
5.393938,1001,132.228237
5.718143,1001,141.023903
4.127644,1001,149.046433
1.703065,462,154.154841
0.724437,219,156.190799
8.073545,1001,164.171499
3.956394,689,169.738282
2.427935,493,173.825015
4.810825,932,181.323923
0.265002,219,183.305501
8.409044,1000,192.212876
6.399716,1001,200.223572
0.14606,81,201.142719
4.783099,1001,209.117446
2.413693,360,212.205819
0.41465,220,214.184348
1.969321,416,217.687057
2.435631,359,220.754105
0.393482,319,224.474195
9.543707,1001,232.523686
1.596153,288,235.104898
9.469807,1001,243.16277
10.951432,1001,251.161302
9.816793,1001,260.105155
2.654416,339,263.014093
8.639819,666,268.442867
10.532823,1001,276.474656
12.031513,1001,284.427494
10.319498,953,292.996765
4.791859,414,296.435108
0.197476,119,297.644065
13.360463,1001,306.061334
14.492453,1001,314.193219
6.495049,569,318.900845
10.447365,787,325.228461
16.672973,1001,334.163229
13.00649,1001,342.063708
17.122786,1001,349.973271
4.911775,423,353.477834
11.570031,890,361.471294
2.09957,218,363.433598
16.098435,1001,371.406013
14.978576,1001,379.419241
14.216456,1001,387.331034
17.632042,1001,396.231217
-1.101437,22,396.729106
2.6965,197,398.499573
14.803335,1001,406.499335
6.454698,456,410.241733
13.086206,850,417.113056
17.429878,1001,425.096416
12.047189,1001,433.970777
9.400992,471,437.906929
0.995443,140,439.269741
14.814581,754,445.393236
20.294789,1001,453.368058
4.053635,293,455.885385
9.91567,726,462.639176
19.733129,1001,470.594902
10.428707,665,475.881612
17.046347,1001,483.882117
18.036626,1001,491.805879
13.777655,1001,500.637419
18.408907,1001,508.543981
14.657323,973,516.221028
15.172281,838,522.97251
18.289237,1001,531.850768
20.567221,965,539.470434
20.666106,1001,547.379843
3.912915,199,549.16802
22.054258,1001,557.029216
0.929545,131,558.301879
8.713153,471,563.001965
21.708225,1001,570.945455
25.996468,1001,578.856242
22.287727,1001,586.741185
10.501747,508,590.875651
10.514749,576,595.57463
21.89133,1001,604.398909
26.741985,1001,612.309027
21.756687,1001,620.231157
30.936401,1001,628.165884
28.083536,1001,637.029069
27.647294,1001,644.991125
12.547227,463,648.771839
20.888486,865,655.656286
28.034575,1001,664.423597
22.299331,767,670.525265
30.687719,1001,678.406396
11.396495,465,682.25073
27.064196,963,689.886437
13.138816,563,694.486825
26.154897,1001,703.29692
30.600245,1001,711.217517
32.336239,1001,719.076665
27.806197,1001,727.00462
12.926627,496,732.051904
32.748644,1001,739.948562
12.763898,440,743.564422
31.859471,1001,751.443537
25.028638,776,757.716187
27.498816,1001,766.567342
37.055074,1001,774.627554
35.505089,1001,782.714398
35.380868,1001,790.838989
34.671744,1001,799.871876
14.115083,487,803.888466
32.559024,1001,811.984385
28.227612,814,818.699125
36.433122,1001,826.806229
35.779228,1001,835.843466
36.725525,1001,843.961929
35.464889,1001,852.081097
36.443041,1001,860.147514
34.528331,1001,869.127325
23.673629,664,874.528026
37.198764,1001,882.645588
34.258641,1001,890.731571
8.797364,288,893.273216
38.196362,1001,902.350998
45.420568,1001,910.466513
36.460663,1001,918.500167
38.843895,1001,926.596308
38.815284,1001,935.618534
41.864237,1001,943.66629
41.774539,1001,951.729751
42.728463,1001,959.866743
41.899771,1001,968.935814
7.212923,246,971.177461
42.062604,1001,979.275993
45.73633,1001,987.327257
41.987929,1001,995.355503
36.577052,1001,1004.268257
36.784265,954,1011.974442
48.449028,1001,1019.974626
9.148577,321,1022.743187
41.094979,1001,1030.767298
47.11016,1001,1039.740982
35.90619,726,1045.639897
10.043831,313,1048.349344
13.384224,305,1050.954574
48.611865,1001,1059.078798
46.860981,1001,1067.099614
43.95579,1001,1076.104501
8.446207,207,1077.980657
26.901942,522,1082.331672
44.376852,1001,1090.364895
12.21753,310,1093.072992
25.048417,480,1097.097128
15.917878,389,1100.3849
47.462154,1001,1109.335346
48.454114,1001,1117.373767
48.300165,1001,1125.452927
46.381913,1001,1133.420798
56.604022,1001,1142.455471
52.424144,1001,1150.562249
46.756177,1001,1158.631195
19.731748,391,1161.947937
45.137392,1001,1169.983724
44.336541,903,1178.140455
15.557383,364,1181.203523
49.715225,1001,1189.129848
50.945519,1001,1197.171818
19.900041,559,2523.577743
56.372664,1001,2531.692629
49.616522,1001,2540.053693
57.364349,1001,2548.153836
57.928746,1001,2556.437539
60.504534,1001,2565.221174
19.758958,352,2568.203357
53.017656,1001,2576.15587
60.202366,1001,2584.111938
47.984962,925,2591.957354
32.665715,581,2597.54242
21.398865,448,2601.27122
8.621458,212,2603.335805
41.904803,729,2609.606116
57.808232,1001,2617.95719
11.853487,283,2620.609349
54.395212,1001,2629.139211
58.290495,1001,2639.355481
60.795292,1001,2665.944148
4.993194,181,2673.022548
17.234049,370,2684.315267
60.120715,1001,2712.453575
60.891305,1001,2731.70656
60.982605,1001,2739.602437
58.950327,1001,2747.542243
55.558616,1001,2755.470775
53.618854,1001,2763.431616
69.297025,1001,2772.309727
36.162428,668,2777.86691
67.496209,1001,2785.960008
31.45764,512,2790.161335
70.735825,1001,2799.190208
63.85967,1001,2807.25938
33.34474,601,2812.196254
64.969418,1001,2820.246047
27.392291,409,2823.664359
72.628019,1001,2831.81148
64.144141,1001,2840.805928
69.617029,1001,2848.892778
20.783349,314,2851.614387
63.167752,1001,2859.68091
42.992053,701,2865.474169
65.445899,1001,2874.51997
38.90942,598,2879.350556
68.583035,1001,2887.342945
57.447922,1001,2895.309551
72.620607,1001,2904.217047
63.37274,1001,2912.232674
75.450658,1001,2920.305649
70.482486,1001,2928.321949
74.646532,1001,2937.313479
78.428469,1001,2945.29775
65.352161,1001,2953.200753
37.835688,568,2957.851561
68.917917,984,2965.758567
74.27137,1001,2975.051716
79.085935,1001,2983.134797
65.70122,965,2990.868343
43.983052,625,2995.932918
71.760323,1001,3004.808768
78.474755,1001,3012.905262
78.810754,1001,3020.945823
16.115102,282,3023.386168
76.978517,1001,3031.334007
37.06615,500,3035.489491
54.375555,737,3042.409792
70.171049,1001,3050.322399
34.872108,470,3054.208328
75.043137,1001,3062.176018
78.668315,1001,3071.062443
79.855651,1001,3079.070473
76.790905,1001,3087.034134
52.588071,702,3092.658314
16.404711,286,3095.130701
81.251202,1001,3103.10237
88.321775,1001,3112.095654
86.136709,1001,3120.080533
88.511683,1001,3128.096829
87.222545,1001,3135.969835
15.347963,259,3139.119725
43.887481,576,3143.758333
81.580639,1001,3151.584801
52.843017,642,3156.707807
85.311888,1001,3164.598874
81.393978,1001,3173.376466
62.543248,738,3179.260029
88.579482,1001,3187.122787
74.432519,853,3193.921977
85.291483,1001,3201.838578
88.147832,1001,3210.657211
93.951247,1001,3218.627003
91.504609,1001,3226.51146
88.83822,1001,3234.340451
82.766393,1001,3243.169812
20.83285,254,3245.395956
93.262793,1001,3253.356607
76.280737,885,3260.285963
86.216238,1001,3269.133605
59.639201,666,3276.507628
84.540604,1001,3284.433978
38.180644,471,3288.363749
33.299863,426,3291.924738
44.632727,573,3296.615093
25.427675,354,3299.636823
87.883752,1001,3308.529454
91.738335,1001,3316.485629
92.901899,1001,3324.447954
93.245264,1001,3332.337281
95.870347,1001,3341.286309
92.148299,1001,3349.246485
96.402071,1001,3357.219695
89.04609,997,3365.152822
96.842685,1001,3373.155937
100.079092,1001,3382.132092
94.263143,1001,3390.063512
68.651291,741,3395.981567
64.042229,656,3401.306864
93.740348,1001,3410.286641
30.520102,353,3413.258664
54.199499,605,3418.241195
102.955824,1001,3426.305942
90.730962,1001,3434.21722
84.902284,905,3442.405756
103.888147,1001,3450.426629
97.191972,1001,3458.321657
97.603986,1001,3466.236669
15.389153,231,3468.299273
25.507696,357,3471.341182
96.411762,1001,3480.32116
92.880323,1001,3488.378255
91.586156,1001,3496.370393
98.703417,1001,3504.4172
97.840128,1001,3513.452065
38.620546,427,3517.044687
95.665086,1001,3525.226724
100.179011,1001,3533.377603
79.804805,800,3539.907048
105.057216,1001,3549.09342
99.017513,1001,3557.263402
105.901801,1001,3565.385651
104.220357,1001,3573.514023
104.684792,1001,3582.666174
79.307127,814,3589.320385
107.52484,1001,3597.504782
86.666,880,3604.668583
106.890927,1001,3613.762049
109.480781,1001,3621.851532
43.727231,490,3625.952894
108.247039,1001,3634.039204
107.227423,1001,3642.098349
107.594865,1001,3651.175427
43.016383,425,3654.779474
106.268439,1001,3662.818654
62.589752,631,3668.008343
108.661032,1001,3676.105777
106.8717,1001,3685.424969
51.903219,550,3690.048152
108.320574,1001,3698.084076
110.799836,1001,3706.13961
114.377806,1001,3714.21193
85.971833,823,3721.75847
106.380002,1001,3729.904125
105.737916,1001,3737.924316
103.324484,1001,3745.964412
114.501654,1001,3754.837717
82.167133,762,3760.962012
110.997314,1001,3768.997197
101.560716,1001,3777.051111
109.05324,1001,3786.002493
113.523244,1001,3793.99557
113.157759,1001,3802.039256
113.999537,1001,3810.083239
109.132176,1001,3819.098809
117.852319,1001,3827.165015
119.160547,1001,3835.18614
111.534495,1001,3843.245792
110.397089,1001,3852.298082
113.287686,1001,3861.911508
115.767223,1001,3885.328797
116.321627,1001,3917.10773
112.714806,1001,3941.831835
50.123418,463,3946.678256
118.273777,1001,3954.826915
109.525579,1001,3963.050444
122.550782,1001,3971.201081
110.343176,1001,3980.288437
39.468964,404,3983.765297
115.845913,1001,3991.922105
82.034884,711,3997.722081
117.264183,1001,4005.889645
69.130062,628,4012.001261
115.863522,1001,4020.144392
121.886058,1001,4028.281347
126.167212,1001,4036.370175
31.974722,333,4039.260698
92.326683,836,4047.056405
9.832962,152,4048.557604
119.507325,1001,4056.686417
88.64931,790,4063.249232
123.315651,1001,4073.355035
54.953793,511,4078.023666
118.498331,1001,4089.449559
116.026293,1001,4097.84806
121.488486,1001,4105.939291
119.336961,1001,4114.142719
120.91911,1001,4123.253016
121.419253,1001,4131.48788
124.24271,1001,4139.616282
96.957502,866,4146.68937
118.453392,1001,4155.711777
126.170597,1001,4163.866803
115.162493,1001,4171.968958
122.840323,1001,4180.091168
21.716121,240,4182.245444
122.46481,1001,4191.172398
121.517301,1001,4199.228452
119.624257,1001,4207.250571
123.544386,1001,4215.286906
124.228727,1001,4224.276294
118.325279,1001,4232.340395
120.901065,1001,4240.423295
125.296457,1001,4248.541344
123.293617,1001,4257.584316
101.850605,837,4264.393689
129.266024,1001,4272.486853
124.319211,1001,4280.546417
109.309231,940,4288.212388
128.539789,1001,4297.247394
127.026898,1001,4305.313179
127.911949,1001,4313.347309
121.155835,1001,4321.440641
122.549588,1001,4330.465516
133.451037,1001,4338.581358
126.444058,1001,4346.655909
124.979324,1001,4354.772783
122.992258,1001,4363.852144
116.039779,1001,4372.077382
127.810342,1001,4380.114791
125.443065,1001,4388.13947
45.061768,400,4391.682015
128.363166,1001,4401.005795
15.523569,195,4402.814352
71.169534,627,4407.961107
121.852795,1001,4415.948134
124.013331,1001,4423.922129
125.687446,1001,4432.922468
124.270033,1001,4441.043967
131.879444,1001,4449.138828
60.687316,514,4453.400464
129.338843,1001,4462.370845
134.935504,1001,4470.363585
134.738382,1001,4478.321044
131.727491,1001,4486.446432
132.320887,1001,4494.503219
127.687343,1001,4503.460949
134.792394,1001,4511.450022
131.675843,1001,4519.505425
135.957209,1001,4527.521945
62.441152,514,4532.678205
129.070699,1001,4540.659068
132.286567,1001,4548.596735
125.385776,1001,4556.484155
128.755205,1001,4565.299486
132.715101,1001,4573.22616
129.042936,1001,4581.125061
133.47421,1001,4589.051879
134.184356,1001,4597.874453
128.583014,1001,4605.78456
136.476946,1001,4613.634058
133.982962,1001,4621.476043
134.739534,1001,4631.063929
137.858619,1001,4640.807698
16.758653,207,4642.917601
132.010954,1001,5551.994272
133.452642,1001,5559.400873
132.472416,1001,5580.428521
131.736412,1001,5611.659715
134.152663,1001,5642.149982
133.688055,1001,5656.256588
80.375402,639,5661.395536
128.561373,1001,5670.280278
128.743543,1001,5678.216539
137.175468,1001,5686.042275
133.940146,1001,5693.957006
131.605887,1001,5702.652492
130.911297,1001,5710.436567
137.988162,1001,5718.306787
137.903762,1001,5726.192238
133.575812,1001,5734.921959
66.158059,528,5739.211114
108.288188,829,5745.744556
131.454383,1001,5753.715777
56.747222,461,5757.796371
129.237926,1001,5766.794038
22.960647,224,5768.819207
139.30163,1001,5776.782477
137.126075,1001,5784.772671
131.051892,1001,5792.781197
135.25095,1001,5801.728249
141.760325,1001,5809.731745
147.265222,1001,5817.684398
142.375613,1001,5825.762485
136.329885,1001,5834.791231
131.111092,1001,5842.791337
136.995294,1001,5850.850107
64.203245,497,5854.922202
134.735576,1001,5863.050886
141.121825,1001,5872.455107
134.463686,1001,5880.455818
142.355914,1001,5888.370409
140.851057,1001,5896.357807
147.969415,1001,5905.184719
147.23957,1001,5913.174517
137.394147,1001,5921.114588
144.408151,1001,5929.009962
111.91329,820,5936.497209
135.320344,1001,5944.491688
141.212776,1001,5952.439293
136.343393,1001,5960.406524
129.305553,1001,5969.341381
134.022735,973,5977.161783
143.896247,1001,5985.215716
138.069233,1001,5993.24984
141.914209,1001,6002.175887
135.920422,1001,6010.136568
143.875108,1001,6018.116115
141.547629,1001,6026.184495
144.411435,1001,6035.22738
145.008198,1001,6043.285364
74.494362,557,6047.936856
140.209749,1001,6056.005024
141.847806,1001,6064.059346
144.151504,1001,6072.99097
138.991516,1001,6081.065023
145.844924,1001,6089.023448
141.3137,1001,6097.004484
33.442191,299,6099.576524
98.412627,700,6106.119066
119.858795,860,6112.993926
141.477143,1001,6121.011389
140.223248,1001,6129.103627
48.728467,413,6133.030354
145.740607,1001,6142.019093
139.847801,1001,6150.09275
148.607128,1001,6158.108816
136.783976,1001,6166.094387
141.91043,1001,6175.133013
149.449019,1001,6183.355897
140.851163,1001,6198.111825
44.396184,358,6207.703838
143.585294,1001,6238.946646
139.238341,1001,6270.051497
146.773224,1001,6277.958177
152.24533,1001,6285.853424
147.025529,1001,6293.759134
142.009471,1001,6302.635269
151.789876,1001,6310.579782
143.885526,1001,6318.47993
149.93666,1001,6326.372917
141.895883,1001,6335.200798
146.171054,1001,6343.109345
142.804648,1001,6350.956785
151.958001,1001,6358.86966
153.970675,1001,6367.754056
143.894291,1001,6375.739799
132.587653,942,6383.344868
147.110485,1001,6391.383963
151.625641,1001,6400.332472
155.475158,1001,6408.441522
151.883243,1001,6416.46483
147.634823,1001,6424.507401
148.180157,1001,6433.473418
130.466694,867,6440.498114
144.451812,1001,6448.577953
98.267437,697,6454.288789
151.014347,1001,6462.409634
145.626389,1001,6471.452699
153.415608,1001,6479.54871
92.298086,646,6484.859415
64.00816,463,6488.730191
157.157705,1001,6497.028107
145.530483,1001,6506.173361
69.741132,534,6510.579895
153.504483,1001,6518.582077
156.19915,1001,6526.472418
141.73558,992,6535.322396
150.004862,1001,6543.302654
158.686017,1001,6551.268098
153.858327,1001,6559.239072
62.836924,457,6562.970331
155.313048,1001,6571.863125
148.5004,1001,6579.783944
152.594315,1001,6587.738358
56.785522,424,6591.268657
148.824514,1001,6599.255456
151.432868,1001,6608.137233
45.679588,354,6611.097366
73.114161,536,6615.498784
148.065114,1001,6623.473201
156.219393,1001,6631.41577
147.762292,1001,6640.343615
148.190134,1001,6648.245258
149.848196,1001,6656.2464
149.530294,1001,6664.245715
152.555337,1001,6673.208148
152.127992,1001,6681.400035
156.459695,1001,6691.261248
55.279609,405,6698.073855
151.602237,1001,6733.97601
146.905303,1001,6751.440873
154.097476,1001,6760.200009
158.138537,1001,6769.0182
152.676845,1001,6777.808473
152.750539,1001,6787.56311
149.833774,1001,6796.384925
151.578871,1001,6805.17643
160.921027,1001,6813.906164
152.136665,1001,6823.897336
148.751038,1001,6847.317901
147.508828,1001,6879.370145
154.074644,1001,6906.927274
151.262792,1001,6916.752619
152.398194,1001,6925.597533
150.271642,1001,6934.456605
16.128757,171,6936.236393
150.540326,1001,6945.13501
149.127602,1001,6955.020464
157.28431,1001,6963.933693
150.953559,1001,6972.773411
153.871968,1001,6981.669799
153.738295,1001,6991.56927
151.690555,1001,7000.419564
146.376063,1001,7009.211172
158.868925,1001,7018.302155
156.811428,1001,7028.175092
163.380257,1001,7037.107755
150.460094,1001,7046.04498
151.456034,1001,7054.913392
153.9034,1001,7063.95131
154.512656,1001,7072.102276
152.770216,1001,7080.192095
150.182249,1001,7088.278156
156.586641,1001,7097.263182
155.482644,1001,7105.409179
158.233954,1001,7113.459961
158.651806,1001,7121.510625
156.644679,1001,7130.76403
122.471177,783,7137.493664
128.465791,864,7144.553385
155.684547,1001,7152.603241
150.979574,1001,7160.678381
157.641818,1001,7169.677369
105.791289,713,7175.453108
147.536307,1001,7183.522484
96.511412,663,7188.953724
158.156001,1001,7197.977041
152.831299,1001,7206.058126
161.793439,1001,7214.153661
150.287504,1001,7222.207524
149.80609,1001,7231.193154
152.392918,1001,7239.306827
141.706893,919,7246.719644
154.314313,1001,7254.73852
140.376285,925,7262.200789
157.108069,1001,7271.241893
155.418286,1001,7279.36223
158.015,1001,7287.40694
162.144426,1001,7295.497067
158.949572,1001,7304.612366
164.611272,1001,7312.627416
156.075667,1001,7320.66303
162.916384,1001,7328.755337
154.563384,1001,7337.699744
153.85554,1001,7345.763467
157.07908,1001,7353.799147
68.32864,477,7357.785671
154.613926,1001,7365.846295
163.507761,1001,7374.818113
145.241277,943,7382.396167
167.864069,1001,7390.443354
154.960518,1001,7398.513595
159.649998,1001,7407.534975
171.44597,1001,7415.535662
161.273068,1001,7423.571431
156.11377,1001,7431.574499
156.929386,1001,7440.583086
161.576446,1001,7448.614874
161.56641,1001,7456.590643
159.436451,1001,7464.604854
156.5528,1001,7473.545349
158.357419,1001,7481.558149
169.541362,1001,7489.560817
159.266728,1001,7497.630084
153.757218,1001,7506.504278
166.681131,1001,7514.585557
163.424671,1001,7522.641509
153.926388,1001,7530.767216
159.943814,1001,7539.768063
163.4851,1001,7547.731672
152.859643,1001,7555.771299
155.742292,1001,7563.815489
156.462042,1001,7572.761036
167.044834,1001,7580.806393
112.342058,697,7586.471869
152.026168,1001,7594.542848
170.334617,1001,7602.545424
169.649051,1001,7611.65953
181.415814,1001,7619.847672
166.025338,1001,7627.971829
24.987278,204,7629.839525
164.53342,1001,7638.928283
160.197771,1001,7647.09674
158.433267,1001,7657.131367
168.497473,1001,7682.877946
157.944023,1001,7713.634102
159.192757,1001,7752.308067
174.941012,1001,7762.908092
157.60137,1001,7771.997905
168.620427,1001,7780.434392
164.238812,1001,7789.664225
47.707889,352,7792.753648
170.822264,1001,7801.018301
159.187332,1001,7809.277737
168.805137,1001,7818.455798
174.491238,1001,7826.671985
162.456957,1001,7834.904194
164.78403,1001,7843.129958
161.836562,1001,7852.302419
161.058398,1001,7860.600855
169.259718,1001,7868.768056
163.068171,1001,7877.085732
171.369032,1001,7885.364502
170.569152,1001,7894.643229
158.348206,1001,7902.942482
51.789496,361,7906.075681
161.225599,1001,7914.403351
36.447317,272,7916.817565
160.264125,1001,7925.976813
39.889814,291,7928.598626
158.969644,1001,7936.852547
174.030014,1001,7945.054946
163.456064,1001,7953.699064
176.033493,1001,7964.609139
160.741167,1001,7973.416254
183.749182,1001,7981.676464
163.01217,1001,7989.830854
163.758889,1001,7998.89533
165.272346,1001,8007.114892
161.341981,1001,8015.261365
169.045595,1001,8023.383278
164.742551,1001,8032.45674
159.552216,1001,8040.604436
165.546317,1001,8048.663335
167.430166,1001,8056.765819
174.785727,1001,8065.851702
158.23176,1001,8073.951527
171.276874,1001,8082.054173
99.212653,591,8086.943779
164.551626,1001,8095.076818
164.855209,1001,8104.168461
163.416712,1001,8112.425
176.013587,1001,8120.616321
174.457103,1001,8128.812007
179.955358,1001,8138.065901
176.232264,1001,8146.332487
171.039131,1001,8155.213262
166.203712,1001,8165.409575
163.444387,1001,8177.280524
193.247127,1001,8185.559458
165.409754,1001,8193.802989
178.795922,1001,8201.907005
160.332778,1001,8211.051153
161.778911,1001,8219.215293
166.09176,1001,8227.195767
162.05497,1001,8235.215222
163.587253,1001,8244.323439
171.409284,1001,8252.507916
162.085538,1001,8260.701785
160.101892,1001,8268.891384
181.940299,1001,8278.080926
178.862589,1001,8286.130784
174.503042,1001,8294.365412
185.448291,1001,8302.586858
180.686191,1001,8311.693427
190.491327,1001,8319.836811
162.059807,1001,8328.004486
175.986409,1001,8336.080396
92.699296,597,8341.078609
158.652315,1001,8350.111388
161.982055,1001,8358.200018
162.049752,1001,8366.256021
168.249053,1001,8374.40372
162.096674,1001,8383.450381
163.974608,1001,8391.540935
163.833485,1001,8399.728048
185.162372,1001,8407.885715
161.53521,1001,8417.075645
180.828742,1001,8425.301258
104.547447,617,8430.526235
173.864177,1001,8438.877444
176.526401,1001,8448.048339
183.295849,1001,8456.092451
167.837195,1001,8464.706468
173.664558,1001,8473.131214
176.023933,1001,8482.24634
169.995716,1001,8490.247517
176.040001,1001,8498.230145
171.923093,1001,8506.245596
171.32279,1001,8515.219912
175.942197,1001,8523.378171
160.972698,876,8530.474633
166.104682,1001,8538.463728
164.407674,1001,8546.695365
180.067584,1001,8555.857359
163.650471,1001,8564.061184
183.053637,1001,8572.386244
165.814648,1001,8580.488088
198.624329,1001,8589.660864
181.129079,1001,8597.920796
186.887321,1001,8606.071119
182.220302,1001,8614.209949
171.220858,1001,8623.36423
177.20909,1001,8631.640995
170.940547,1001,8639.772988
178.151844,1001,8648.023888
167.257452,1001,8657.113689
150.278171,803,8663.733273
167.350052,1001,8672.120233
179.935571,1001,8680.382384
169.529041,1001,8689.544699
168.113583,1001,8697.746935
189.345401,1001,8705.871792
178.676749,1001,8714.018167
196.481403,1001,8723.187595
118.840086,644,8728.52862
176.568646,1001,8736.70293
178.899366,1001,8744.910093
200.434105,1001,8753.008123
196.036069,1001,8762.05092
180.081729,1001,8770.286022
167.046078,1001,8778.392938
187.139793,1001,8786.53083
181.362325,1001,8795.681866
198.853983,1001,8803.794265
182.169386,1001,8811.920768
170.609144,1001,8820.144705
175.1832,1001,8829.271857
193.071349,1001,8837.465275
172.929264,1001,8845.703216
167.534437,1001,8853.860484
187.758058,1001,8863.301943
170.161988,1001,8871.708446
166.149441,1001,8879.858942
177.859817,1001,8888.030366
179.75346,1001,8897.19427
119.371412,711,8903.101205
186.435867,1001,8911.07436
191.714888,1001,8919.147798
167.493582,1001,8927.116855
169.542544,1001,8936.07783
180.499626,1001,8944.138487
184.843037,1001,8952.256443
185.448922,1001,8960.238816
169.316946,1001,8969.176358
183.210713,1001,8977.180469
181.636343,1001,8985.272412
172.092247,1001,8993.521811
189.488771,1001,9002.600551
168.874071,1001,9010.694122
171.045933,1001,9018.844386
175.381246,1001,9026.996049
176.856178,1001,9036.099733
170.864944,1001,9044.321862
201.119657,1001,9052.418797
170.882664,1001,9060.620964
198.824195,1001,9069.817131
147.092181,812,9076.446576
172.839798,1001,9084.644321
179.319716,1001,9092.954102
186.472876,1001,9103.020079
183.206815,1001,9111.266448
173.341534,1001,9119.409409
168.16805,1001,9127.584978
200.110734,1001,9136.749338
186.135428,1001,9144.985929
187.297646,1001,9153.148308
186.331732,1001,9161.372118
193.166139,1001,9170.574628
144.586229,735,9176.682482
180.596671,1001,9184.813697
170.500544,1001,9192.956373
179.390317,1001,9201.118495
176.092336,1001,9210.175482
200.321578,1001,9218.219842
83.720831,511,9222.451191
180.624054,1001,9230.545842
189.48876,1001,9239.682248
177.653916,1001,9248.030942
118.032136,632,9253.201526
171.916696,1001,9261.250441
206.983035,1001,9269.298834
174.695581,1001,9278.330443
188.954496,1001,9286.575964
172.301841,1001,9294.774577
195.636489,1001,9303.081001
204.001814,1001,9312.198721
177.770945,1001,9320.299436
186.680361,1001,9328.507999
192.989176,1001,9336.612956
200.37899,1001,9345.693713
186.805144,1001,9353.733697
196.909639,1001,9361.855085
207.471803,1001,9370.075763
192.705909,1001,9379.244169
183.361501,1001,9387.429247
197.929238,1001,9395.622887
207.654691,1001,9404.015947
178.382432,1001,9413.268916
181.090104,1001,9421.479699
177.264438,1001,9429.587507
185.17581,1001,9437.747985
184.668417,1001,9447.071444
174.424026,1001,9455.191038
190.256178,1001,9463.452108
175.174752,1001,9471.738855
186.25577,1001,9480.93109
108.774232,606,9485.97905
186.957164,1001,9494.299891
193.45859,1001,9502.50566
187.745605,906,9510.828754
183.811726,921,9527.914325
182.558732,1001,9564.442083
145.605478,800,9589.054588
190.29774,1001,9597.288059
190.857429,1001,9606.533861
185.38126,1001,9614.745648
203.199629,1001,9622.943789
203.795436,1001,9631.246211
204.535384,1001,9640.678215
186.728204,1001,9648.992388
185.057847,1001,9657.23786
186.19883,1001,9665.53782
182.222726,1001,9674.708921
200.379828,1001,9682.997173
185.815258,1001,9691.233618
136.989144,697,9697.012179
180.12891,1001,9705.228446
182.676388,1001,9714.412012
199.431572,1001,9722.582663
210.126258,1001,9730.842449
198.541767,1001,9739.196625
202.45953,1001,9748.527128
108.603644,649,9753.938803
197.913413,1001,9762.167153
180.745365,1001,9770.484325
193.220784,1001,9779.769498
202.862884,1001,9788.214809
203.619131,1001,9796.536009
185.879101,1001,9804.897244
210.651646,1001,9814.161679
191.24162,1001,9822.471286
182.695092,1001,9830.692229
196.497359,1001,9838.907028
187.899982,1001,9847.140753
195.147049,1001,9856.285975
208.873425,1001,9864.42304
209.891113,1001,9872.570479
206.357299,1001,9880.676822
182.116902,1001,9890.020766
189.024887,1001,9898.801982
204.543084,1001,9906.985358
175.36084,1001,9915.216677
190.084365,1001,9924.376241
188.913014,1001,9932.523606
196.596567,1001,9940.688594
180.442903,1001,9948.80054
209.597798,1001,9957.988036
183.852488,1001,9966.203225
187.815865,1001,9974.404146
200.652633,1001,9982.692113
187.083556,1001,9992.094321
188.673164,1001,10000.554286
180.820285,1001,10008.821195
207.263205,1001,10016.9719
181.124819,1001,10026.11127
185.70367,1001,10034.317436
194.889693,1001,10042.545448
211.250564,1001,10050.837571
185.587099,1001,10060.080242
183.191628,1001,10068.312074
180.142367,1001,10076.450024
193.100944,1001,10084.767232
199.888302,1001,10093.928043
184.264365,1001,10102.160389
192.121237,1001,10110.282103
193.354764,1001,10118.521856
188.615652,1001,10127.688873
194.968622,1001,10135.841656
186.777676,1001,10144.093218
209.074842,1001,10152.226681
182.840689,1001,10161.440672
207.387187,1001,10169.637276
197.173884,1001,10177.862404
207.85944,1001,10186.02192
180.38869,1001,10195.144122
208.585695,1001,10203.367004
194.943309,1001,10211.611538
200.229723,1001,10219.790938
185.663257,1001,10227.959573
181.046592,1001,10237.11191
190.803232,1001,10245.308689
174.773535,977,10253.18156
198.143478,1001,10261.198021
183.02932,1001,10270.254257
115.037047,664,10275.672826
164.57717,803,10282.183587
186.466766,1001,10290.266228
189.766573,1001,10299.416103
199.434917,1001,10307.457485
195.598088,1001,10315.524284
210.785989,1001,10323.717096
206.221149,1001,10332.867894
210.834754,1001,10340.823006
185.263436,1001,10348.907992
183.686143,1001,10356.916279
194.995634,1001,10364.971529
207.260049,1001,10374.057688
153.10772,760,10380.157838
193.73747,1001,10388.213509
208.975675,1001,10396.201205
188.622611,1001,10405.159977
149.576191,836,10411.883799
207.475723,1001,10419.902723
210.799343,1001,10427.824737
143.623742,836,10435.55009
199.559361,1001,10443.643298
193.249649,1001,10451.641685
185.464118,1001,10459.669612
203.852278,1001,10468.747107
201.522552,1001,10476.857538
186.207359,1001,10484.861787
182.23392,1001,10492.850795
105.791746,582,10497.653337
187.647416,1001,10506.617285
197.308517,1001,10514.660969
208.791631,1001,10522.977004
212.85369,1001,10531.282338
204.182216,1001,10540.424896
184.280279,1001,10548.634394
214.339085,1001,10556.744186
204.954664,1001,10564.928989
207.0114,1001,10574.029917
184.718368,1001,10582.0421
210.614466,1001,10590.029988
208.870541,1001,10598.112915
206.996001,1001,10607.198633
196.138181,1001,10615.244716
211.842118,1001,10623.204273
187.490533,1001,10631.222605
212.20889,1001,10640.138149
212.59422,1001,10648.143754
207.447015,1001,10656.151077
200.432341,1001,10664.081457
212.878413,1001,10673.074719
193.539349,1001,10681.158867
215.898393,1001,10689.219076
189.440905,1001,10697.300406
206.7047,1001,10706.235924
207.338236,1001,10714.258489
195.092372,1001,10722.36617
200.880805,1001,10730.41084
210.077527,992,10738.426056
213.333095,1001,10747.700357
212.203133,1001,10755.857654
178.510037,857,10762.706388
187.097578,1001,10770.832859
208.914777,1001,10779.821429
184.369638,1001,10787.819017
201.839718,967,10795.522144
203.395304,1001,10803.483316
136.053527,673,10809.919375
213.660244,1001,10817.970488
198.182109,1001,10826.168264
212.197178,1001,10834.157405
208.224993,1001,10843.18737
181.916727,1001,10851.284437
168.043923,820,10857.829438
205.252053,1001,10865.884254
208.923121,1001,10873.877112
201.894647,1001,10882.920797
188.324752,1001,10891.029932
184.791282,1001,10898.996887
183.272968,867,10905.879984
187.994104,1001,10914.908532
212.988004,1001,10922.897005
187.580515,1001,10931.002643
189.203009,1001,10939.039504
204.837668,1001,10948.126017
112.868505,574,10952.880006
211.835299,1001,10961.00521
210.911294,1001,10969.183388
186.631571,1001,10978.173596
213.900026,1001,10986.135709
181.382681,1001,10994.189668
193.003762,1001,11002.217304
76.042469,424,11005.799685
184.449585,1001,11014.87108
130.558196,714,11020.685582
190.954672,1001,11028.731615
203.415494,1001,11036.883022
84.13932,451,11040.774771
201.55895,1001,11049.841383
200.596233,1001,11057.958162
215.295589,1001,11066.151648
193.133202,1001,11074.227753
