#{"t_start": 1639866599.008463, "env_id": null}
r,l,t
-2.597171,30,0.712726
-3.537111,83,1.657936
-2.464382,28,2.171314
-3.012831,55,2.864017
-3.659403,86,3.807064
-3.014389,57,4.510385
-3.694142,86,5.414959
-3.617525,90,6.41415
-3.306364,72,7.284933
-2.380585,21,7.774135
-2.405607,22,8.283392
-3.696588,85,9.203941
-3.387159,76,10.089216
-3.217249,68,10.933417
-2.534344,29,11.482383
-2.727593,38,12.114419
-2.308089,20,12.624135
-2.576885,30,13.278135
-2.749058,42,14.211829
-2.702231,38,14.937272
-2.50391,26,15.54452
-3.483261,72,16.478436
-2.470155,30,17.089399
-2.473032,25,17.64282
-4.429862,138,19.230451
-3.382806,69,20.34137
-2.992264,45,21.158379
-4.04476,141,22.923055
-2.867945,44,23.971447
-2.982745,49,24.921779
-3.281934,63,26.165262
-2.406332,20,26.8002
-3.54126,80,27.933613
-3.666297,82,29.120199
-3.265702,50,30.014641
-2.420721,21,30.568028
-3.080401,57,31.388707
-3.168644,55,32.188636
-3.937425,87,33.238
-3.013984,55,34.056965
-3.619848,86,35.132274
-3.582522,82,36.211123
-2.638827,31,36.81742
-3.403964,62,37.669762
-3.072912,52,38.442261
-3.66889,90,39.497746
-3.450012,87,40.56027
-2.605959,30,41.154357
-2.612748,35,41.766452
-3.257056,70,42.6541
-3.754401,82,43.685954
-2.44178,27,44.26203
-3.149161,57,45.081979
-2.827099,41,45.792679
-5.307178,170,47.53386
-2.349462,20,48.088446
-3.953544,105,49.222323
-3.101988,53,49.988233
-3.176945,56,50.817562
-2.629979,30,51.417922
-3.798629,77,52.32319
-4.390904,113,53.536965
-2.826193,53,54.312676
-3.361917,65,55.15159
-3.09708,58,55.947764
-3.659477,73,56.857382
-3.908164,106,57.996209
-2.8846,44,59.730231
-4.799897,135,61.186408
-2.750749,39,61.835159
-2.721056,38,62.457347
-2.933369,48,63.147479
-2.874343,47,63.834146
-2.386498,20,64.322824
-3.473177,68,65.175976
-3.33488,65,66.03343
-3.61876,90,67.116788
-3.38395,62,67.921685
-2.419162,21,68.474192
-3.19276,61,69.285498
-4.483697,132,70.682269
-3.090069,57,71.494044
-3.542773,76,72.398833
-2.395536,24,72.987803
-2.615523,34,73.642555
-3.946516,96,74.731499
-2.703174,36,75.35399
-3.240498,57,76.131824
-2.619367,32,76.718369
-2.738733,37,77.324961
-4.152199,111,78.507351
-2.288986,18,79.031402
-2.941838,58,79.817608
-3.342343,64,80.666044
-3.595723,91,81.731478
-3.416397,67,82.599808
-2.929076,45,83.325307
-2.759149,40,84.076917
-3.285742,61,84.959712
-3.43175,83,85.977125
-4.470556,131,87.456395
-3.236987,67,88.335601
-2.385766,18,88.855567
-2.48263,26,89.403844
-2.755393,40,90.060656
-4.336952,114,91.31166
-4.675814,128,92.673588
-2.323664,20,93.175493
-2.768711,48,93.859193
-5.964681,156,95.490185
-2.680594,32,96.141373
-3.418511,69,97.005072
-2.631666,39,97.643825
-4.077201,81,98.594955
-2.831029,42,99.25221
-2.331393,20,99.744186
-3.970792,106,101.051666
-2.568312,33,101.65494
-2.95473,49,102.359559
-3.486373,74,103.248457
-3.10366,60,104.038315
-2.593343,33,104.624562
-4.171502,113,106.055607
-2.921215,45,106.847425
-3.646565,85,107.972382
-2.539055,29,108.57723
-2.551395,27,109.185289
-3.117989,66,110.009505
-2.918185,49,110.716945
-3.177296,64,111.549679
-3.292598,62,112.432459
-3.237882,59,113.256559
-2.843331,44,114.004235
-2.737322,37,114.712475
-3.52847,78,115.762473
-2.749176,37,117.539382
-2.585098,36,118.18139
-2.930183,81,119.133575
-4.307466,113,120.495872
-2.9564,49,121.253389
-3.211387,60,122.122643
-3.169151,58,122.921775
-5.479183,185,124.9615
-3.122817,52,125.789216
-2.76207,44,126.507836
-2.814062,42,127.192114
-6.526811,202,129.18652
-3.276616,71,130.121229
-2.69997,36,130.812513
-2.842965,47,131.568522
-2.438517,21,132.087772
-2.942577,51,132.890807
-3.408512,66,133.790737
-5.147196,158,135.40055
-3.15502,59,136.262103
-4.06094,97,137.438648
-4.384794,125,138.818022
-3.129626,58,139.720036
-3.811783,108,140.997273
-2.951805,47,141.785972
-3.811491,106,142.995488
-3.564572,72,143.906151
-3.453166,71,144.807947
-2.671413,36,145.429871
-4.113872,118,146.728139
-2.817373,36,147.398632
-3.443812,73,148.339219
-2.826227,44,149.052209
-4.787956,150,150.566864
-4.122191,130,151.927033
-2.920204,53,152.777755
-3.129886,48,153.516381
-3.030171,52,154.277026
-4.029741,90,155.358058
-2.63657,34,156.031417
-5.83208,196,158.137295
-3.396425,75,159.16272
-3.773685,84,160.204633
-4.030347,98,161.377655
-3.196575,58,162.191271
-3.775676,89,163.243578
-3.025809,44,163.943129
-5.521124,150,165.596555
-3.060846,52,166.446644
-3.534592,71,167.385259
-2.609051,29,168.221834
-3.886968,101,169.734388
-2.34547,19,170.261745
-3.30696,63,172.130261
-3.167701,64,172.978359
-4.032401,104,174.309683
-3.464303,70,175.202739
-3.131467,53,175.942214
-3.201798,74,176.846831
-3.936503,78,177.785862
-3.094228,58,178.602197
-4.24616,98,179.809898
-3.626905,80,180.782276
-3.924704,120,182.060571
-2.652223,35,182.730937
-3.236038,64,183.562227
-2.388253,21,184.144938
-3.242809,62,185.083228
-2.33584,20,185.617817
-4.537791,145,187.24157
-4.803225,147,188.940813
-3.00363,49,189.735554
-2.776078,44,190.511546
-3.838957,92,191.644032
-3.2104,64,192.553764
-4.685694,140,194.080227
-2.396936,22,194.625331
-4.016633,143,196.25315
-3.30026,62,197.123601
-3.582319,64,197.970281
-3.667313,85,199.039584
-4.416896,101,200.33489
-3.132493,64,201.224112
-3.062327,53,202.003508
-6.545125,209,204.075788
-2.501932,25,204.6586
-3.379971,89,205.812765
-3.629045,88,206.905196
-2.92961,49,207.693174
-3.20187,54,208.488492
-4.840916,127,209.92988
-7.191973,211,212.370187
-6.134397,192,214.516474
-3.41658,69,215.533919
-3.844399,89,216.685925
-3.045986,53,217.536154
-4.521012,132,219.116431
-2.851349,38,219.887062
-2.920902,49,220.743018
-3.608672,80,221.892232
-2.978277,57,222.920297
-2.571884,29,223.777402
-4.074894,104,225.075857
-4.439334,134,227.850199
-2.755912,38,228.580178
-6.503747,233,231.163789
-3.73836,81,232.251463
-6.570241,157,234.013646
-3.109835,60,234.825548
-2.776556,39,235.485845
-2.418172,22,236.013967
-7.576844,242,238.587152
-3.372967,71,239.483847
-5.229474,127,240.986624
-4.316725,111,242.316869
-3.345418,69,243.316108
-3.81679,94,244.442488
-4.511801,153,246.195714
-3.236998,67,247.086421
-3.362041,59,248.007909
-4.399511,136,249.582866
-3.226389,68,250.485109
-3.108893,54,251.266236
-3.435894,72,252.182775
-5.182918,190,254.174164
-3.153828,55,254.976387
-3.488311,67,255.859159
-2.355254,19,256.372912
-3.132904,53,257.128787
-2.562033,28,257.704864
-3.867953,93,258.828923
-3.986622,95,259.996519
-3.605259,73,260.924064
-3.406428,71,261.80506
-3.336895,65,262.633832
-3.044266,56,263.491923
-3.359616,72,264.431076
-5.368701,233,266.790005
-3.040849,55,267.635161
-6.17463,213,269.768093
-3.346056,90,270.9195
-3.746066,95,272.162892
-5.748962,168,274.107187
-2.995128,48,274.869096
-3.910208,100,276.045898
-3.127479,60,276.921814
-2.407694,23,277.536022
-4.195288,113,279.966805
-3.615821,84,281.013324
-2.695279,45,281.76355
-3.388148,68,282.737803
-2.690776,39,283.456705
-3.514616,85,284.608773
-7.23442,223,287.066171
-2.852777,84,288.077631
-2.946326,51,288.838245
-5.468927,169,290.629299
-6.068155,180,292.509833
-5.236193,192,294.586456
-2.386612,19,295.122765
-3.149565,62,295.951346
-3.859461,77,297.028796
-3.243375,64,297.958602
-3.094675,56,298.764049
-3.438187,63,299.851203
-2.469317,24,300.454777
-2.443997,23,301.038813
-3.507915,72,302.206951
-3.165883,57,303.182706
-3.091554,55,304.321522
-3.327437,72,305.739616
-4.215177,99,307.270584
-3.542284,77,308.468999
-3.778299,89,309.890013
-2.800216,39,310.853712
-3.07415,62,311.990649
-2.372358,22,312.604577
-6.099848,164,314.563249
-2.914063,48,315.406012
-7.324337,291,318.716475
-4.303982,140,320.539077
-4.05695,100,322.09561
-2.522358,30,322.9698
-2.545134,30,323.737113
-2.581315,29,324.464919
-4.548692,131,326.519153
-3.209829,63,327.535033
-3.080884,56,328.639247
-3.251643,58,329.687663
-3.13523,50,330.614358
-2.780264,38,331.426058
-2.980295,55,332.4016
-3.533643,87,333.914473
-3.822468,79,335.40497
-4.730024,132,337.003593
-3.663889,89,338.191682
-4.458056,113,340.858037
-2.633002,30,341.529041
-3.974488,121,343.066787
-3.575341,86,344.365308
-3.408637,74,345.744138
-3.919764,97,346.996027
-4.242568,112,348.33808
-3.759084,94,349.555375
-2.504291,31,350.199515
-5.098708,116,351.554112
-2.591891,36,352.28073
-3.354638,69,353.270252
-12.455332,507,358.2191
-3.358149,68,359.203108
-2.756692,40,359.917059
-3.242181,63,360.801289
-2.588649,27,361.397121
-4.571204,120,362.766618
-2.772689,38,363.459442
-5.316301,186,365.483627
-4.999155,139,367.048339
-3.856828,96,368.334478
-3.686335,81,369.428514
-3.132116,55,370.283002
-2.82363,43,371.014199
-4.005679,92,372.15144
-5.195237,170,374.047736
-2.681661,37,374.756488
-3.678138,90,375.935623
-2.995727,50,376.734457
-7.740378,275,379.51723
-2.589261,42,380.284087
-2.412521,25,380.865237
-2.788376,41,381.571443
-3.100834,51,382.390843
-4.8408,140,384.01108
-3.69861,97,385.222759
-3.493579,80,386.271461
-5.248873,149,387.95685
-3.792243,82,389.039112
-3.664329,91,390.219321
-3.566307,79,391.265766
-3.181979,71,392.24103
-4.820789,140,395.013809
-3.415199,72,396.047195
-3.193904,65,396.967825
-2.910842,44,397.710123
-7.823485,245,400.258181
-4.079387,107,401.594613
-5.210603,160,403.346821
-3.010041,58,404.215952
-2.770967,42,404.938543
-2.680584,32,405.573079
-2.822414,38,406.246712
-4.133403,88,407.382106
-3.23698,70,408.364561
-3.196786,58,409.241966
-3.220629,66,410.170627
-3.672944,79,411.216741
-5.064953,157,413.306142
-2.888586,46,414.398803
-4.228677,112,415.77733
-2.750752,38,416.476939
-4.098313,100,417.687913
-2.895466,58,418.569578
-3.210832,63,419.467836
-5.700824,136,421.084212
-3.090376,52,421.89643
-4.624565,120,423.294714
-5.050616,193,425.396559
-4.393357,127,426.89722
-3.987414,95,428.098241
-4.726705,136,429.670587
-5.546804,125,431.129695
-2.704305,36,431.811529
-5.200949,167,433.635861
-3.462523,73,434.639031
-4.967467,144,436.300254
-5.100569,149,437.98678
-3.260803,108,439.281375
-4.695743,129,440.798538
-5.091837,156,442.567281
-3.553264,80,443.6382
-3.135049,58,444.503768
-4.145398,113,445.871193
-4.055539,104,448.354448
-3.315787,79,449.426736
-4.284377,114,450.779961
-5.202607,158,452.535593
-3.265359,66,453.48536
-3.53281,75,454.537229
-5.311938,145,456.17881
-4.417742,111,457.526109
-3.697372,86,458.6372
-4.681803,142,460.242339
-4.801636,172,462.155747
-2.379334,24,462.73721
-4.309046,93,463.88573
-3.204582,64,464.799572
-3.098769,58,465.691115
-4.756437,140,467.32679
-2.901355,50,468.158648
-2.973108,52,468.976658
-2.426152,23,469.545563
-3.186123,71,470.49766
-4.625873,129,471.999081
-4.739128,135,473.617371
-4.031477,115,475.048625
-3.051771,61,475.963948
-2.549649,31,476.597743
-4.564615,132,478.09798
-3.256428,61,479.011595
-3.541007,90,480.178288
-3.153813,58,481.051184
-3.290202,77,482.077155
-5.539544,155,483.808193
-4.528574,146,485.464926
-2.558623,29,486.109855
-2.462825,28,486.722303
-3.199884,62,487.595043
-3.584555,82,488.67901
-3.859366,124,490.13627
-3.336228,67,491.073553
-2.516955,25,491.654798
-3.981637,103,492.931304
-3.298481,54,493.765279
-4.561263,114,495.120398
-6.148007,173,497.016659
-5.219004,158,498.767721
-4.319999,111,501.266581
-3.026658,55,502.159124
-3.733607,72,503.144448
-3.723744,85,504.243809
-2.523658,29,504.866008
-3.077263,58,505.717571
-3.223486,66,506.648582
-2.748583,39,507.373171
-4.339988,122,508.803464
-2.555736,31,509.445314
-2.405592,24,510.014
-4.276819,91,511.146881
-2.764619,41,511.872195
-5.350595,188,513.925756
-5.93743,145,515.5657
-5.139624,156,517.350785
-3.514042,77,518.416534
-4.176298,116,519.805127
-3.30284,68,520.761612
-4.91569,145,522.398448
-7.322122,234,524.869723
-2.450316,26,525.477916
-3.704676,109,526.83055
-2.948171,55,527.671288
-3.30646,63,528.607774
-3.133486,83,529.690931
-4.844625,179,531.652366
-3.537858,73,532.654864
-3.345053,74,533.655252
-3.429068,70,534.66267
-2.515278,30,535.300844
-5.150783,184,537.451514
-4.125671,111,538.797535
-3.287875,66,539.738014
-3.326521,72,540.740464
-3.197018,62,541.644763
-3.042719,52,542.477617
-2.770818,53,543.337473
-5.462529,187,545.394205
-3.247716,109,546.727896
-3.410375,73,547.725455
-3.402909,72,548.780946
-5.571207,184,550.806123
-3.217566,64,551.729024
-2.720609,43,552.498745
-5.285974,215,555.95868
-3.250345,59,556.851002
-5.711333,210,559.072045
-3.759456,86,560.197246
-2.825868,40,560.938996
-2.393691,23,561.510825
-3.961145,98,562.747581
-2.950053,67,563.723047
-3.248972,67,564.671676
-3.014623,54,565.50257
-3.456194,78,566.532646
-4.389544,128,568.054294
-2.530332,27,568.784628
-2.627858,35,569.581503
-2.891525,44,570.503135
-6.404468,230,574.619443
-5.938817,195,577.738186
-3.257104,58,578.803081
-5.003867,153,581.489648
-5.361593,186,584.211141
-2.698634,41,584.951517
-4.812522,147,586.647426
-2.605153,35,587.353082
-2.904519,53,588.208137
-3.892255,117,589.654918
-4.993596,172,591.616649
-3.00214,50,592.605672
-4.217829,97,594.163179
-3.997129,141,596.25884
-3.579087,105,597.816699
-2.840437,47,598.648442
-3.880794,118,600.500691
-2.817378,51,601.4346
-3.028705,49,602.327328
-4.456516,124,604.218283
-4.825741,179,606.349382
-4.376695,164,608.378733
-2.352617,21,609.08185
-4.636464,140,611.319044
-3.05794,56,612.290606
-4.5658,137,613.977931
-4.31456,134,615.796093
-4.540571,138,620.200875
-4.966739,155,622.943247
-3.058514,60,624.161886
-3.776915,100,625.984754
-4.687276,137,627.792354
-3.413501,71,628.878605
-3.733977,90,630.266582
-7.151458,270,634.166619
-2.849507,49,635.774686
-4.339571,109,637.906589
-3.038363,52,639.083802
-3.714589,97,640.868441
-4.584267,138,642.808697
-4.574761,120,644.58536
-4.490839,127,646.28063
-3.873262,96,647.642143
-3.25173,62,648.683702
-3.627357,82,649.952535
-2.699378,36,650.7202
-2.471603,27,651.386824
-4.432121,165,653.617364
-2.948111,50,654.918399
-3.456142,66,656.457532
-5.004753,168,659.350796
-2.330823,22,660.296557
-2.986644,55,661.445996
-3.762568,116,663.149411
-3.759799,103,664.694179
-2.404712,22,665.34058
-3.326752,74,666.532345
-3.42103,72,667.764503
-5.232482,208,670.522978
-3.604193,86,671.832904
-4.086974,107,673.378545
-4.72752,144,675.217906
-3.309791,66,676.302804
-5.292165,220,679.206578
-3.914904,99,680.595819
-3.802059,89,681.922717
-2.335197,21,682.596166
-4.976347,130,684.26444
-3.932871,92,687.344337
-2.392134,27,688.100729
-2.935197,52,689.068197
-3.410324,76,690.182267
-2.713243,39,691.162452
-2.921679,55,692.213629
-3.070497,59,693.593287
-2.536358,31,694.56455
-3.165269,65,696.027984
-2.553586,31,696.937017
-3.770343,94,698.509788
-2.620907,34,699.328966
-4.552708,141,701.340346
-3.482955,69,702.375764
-3.234207,60,703.353713
-3.062168,58,704.367314
-3.311062,73,705.632466
-2.688045,37,706.516439
-3.127726,57,707.651838
-3.54639,78,708.89262
-3.208203,62,709.956052
-2.691018,35,710.78319
-3.735758,103,712.323848
-5.553708,163,714.418589
-4.301134,112,715.963873
-2.538737,34,716.746662
-2.737175,34,717.498127
-3.883519,111,719.005448
-4.268847,116,720.756279
-4.680176,137,722.571458
-2.993841,47,723.445397
-4.82929,149,725.428656
-2.624498,35,726.194697
-3.468206,81,727.472406
-3.698879,100,728.833887
-5.107013,199,731.768339
-3.082247,66,733.135088
-3.468006,72,734.569937
-5.543253,146,737.242074
-2.875975,46,738.449412
-4.661183,119,740.51795
-6.402298,226,743.96805
-2.67428,37,744.79864
-2.646045,37,745.644001
-4.850807,140,747.633495
-2.962676,50,748.706576
-5.891582,156,750.835996
-3.214319,78,752.238249
-3.157201,56,753.31416
-3.160898,61,754.582836
-3.183248,111,758.256161
-3.556814,77,759.645828
-3.007873,55,760.748015
-3.847276,111,762.49457
-3.27865,72,763.705608
-2.743865,62,764.803427
-3.800769,99,766.274566
-3.176892,72,767.701617
-2.705632,43,768.83616
-3.5939,83,770.647057
-3.037514,52,771.665821
-2.981036,49,772.684594
-3.851802,105,774.241078
-3.121878,66,775.453231
-3.580544,85,776.884701
-3.207949,66,778.083024
-2.722227,36,778.9279
-3.098143,58,780.097944
-4.02595,100,781.754504
-4.949408,180,784.544313
-6.009916,225,787.745626
-3.179094,58,789.18602
-3.217453,63,790.562362
-3.294469,71,792.140567
-4.210468,175,794.985442
-2.954794,49,796.111032
-2.924475,47,797.241908
-2.384427,23,798.034587
-4.329682,112,800.060155
-3.484272,83,801.592316
-2.786679,39,802.559251
-3.500399,88,804.334588
-3.166816,64,805.591248
-3.426121,66,806.933994
-4.358688,129,809.303357
-2.792273,49,810.680275
-9.765509,314,815.87199
-2.56236,30,816.823142
-3.758683,102,818.40187
-4.442491,115,820.080173
-3.01434,53,820.961773
-4.278812,94,822.121156
-4.860813,146,823.749008
-3.461718,78,824.957029
-2.977114,58,825.884447
-2.888084,49,826.887556
-3.052246,67,827.968244
-3.500337,81,829.802525
-2.850522,48,831.162309
-5.588943,186,836.065172
-2.829471,58,837.79481
-2.856479,46,839.410275
-3.059646,55,841.419943
-3.764087,107,843.205147
-3.026182,63,844.49069
-3.133778,63,847.041127
-5.940026,199,851.75951
-4.505908,100,853.487509
-2.83247,45,854.632195
-2.767071,40,855.916701
-6.987989,231,859.163146
-2.804878,42,860.002048
-4.401324,124,862.739847
-9.396758,298,868.78801
-4.508877,83,871.817023
-3.431377,86,874.474563
-4.751999,152,878.330735
-2.743026,38,880.210319
-4.698268,139,883.552475
-7.625973,289,889.119288
-4.240915,101,891.764386
-5.936131,180,896.120998
-2.799902,45,898.581136
-3.209122,66,900.840403
-3.498723,73,903.101457
-3.853119,97,906.052459
-3.112615,57,907.991743
-3.950314,85,910.402847
-5.054994,159,913.976883
-3.106252,113,916.391563
-3.824161,82,918.254241
-5.878938,210,922.492654
-3.037147,64,924.179003
-2.831547,76,926.006879
-3.312497,77,927.83634
-2.972738,52,929.318643
-3.56433,64,931.125272
-2.833574,62,932.999745
-3.403965,76,937.251812
-3.077665,47,938.785344
-7.2298,295,944.315943
-2.831832,47,945.711268
-3.877764,85,947.821438
-3.044582,58,949.402255
-2.847378,51,950.896887
-3.324467,75,952.645144
-3.015372,52,954.043197
-4.151275,96,956.294759
-4.271525,124,959.092031
-3.919157,133,962.210846
-3.537977,68,964.030201
-2.607535,34,965.129373
-5.512585,173,968.392256
-2.928665,58,969.882509
-4.179231,106,972.101187
-3.604671,78,974.006093
-3.407389,83,975.833988
-4.073298,100,978.061333
-4.056948,107,980.262032
-3.525255,80,982.090249
-6.302628,189,985.95794
-3.221692,68,987.658993
-3.032696,57,989.046119
-4.585681,153,991.72923
-2.995957,52,992.790748
-2.737448,47,993.672429
-4.231936,103,995.132428
-6.186467,191,997.262746
-6.000477,234,1000.097619
-4.006897,113,1001.600829
-3.065272,51,1002.608911
-3.321638,69,1003.745416
-3.618655,85,1004.923958
-3.024158,48,1005.729602
-4.717928,145,1007.533532
-8.734685,338,1011.145087
-3.708332,86,1012.314396
-5.070778,153,1015.399148
-3.365471,68,1016.398227
-6.056665,161,1018.313855
-4.250653,128,1019.915344
-7.472693,307,1023.215783
-4.885673,151,1024.985052
-4.302579,144,1026.731996
-4.502037,129,1028.396558
-3.216142,85,1029.668673
-4.820659,155,1031.708487
-2.729341,40,1032.510033
-4.662647,162,1034.61046
-4.730279,138,1036.342801
-4.617495,142,1038.123826
-4.91686,163,1040.179501
-4.180646,155,1042.091432
-4.976258,157,1044.097291
-6.756899,297,1047.398902
-3.031688,55,1048.294425
-3.046516,56,1049.197621
-4.359085,128,1050.865916
-5.174233,182,1052.997534
-5.471252,201,1055.340081
-3.739393,110,1056.827046
-4.888282,126,1058.435142
-4.826502,165,1060.411694
-5.09245,144,1062.245573
-4.909575,164,1064.306335
-3.281836,67,1065.353912
-3.587917,82,1067.763025
-2.814572,51,1068.646756
-4.934078,139,1070.5066
-3.387102,73,1071.604597
-2.607884,36,1072.328557
-5.534353,141,1074.087777
-2.611485,36,1074.837481
-3.211402,84,1076.039975
-3.607268,85,1077.286818
-3.038241,52,1078.157667
-6.87575,233,1080.855057
-4.479768,138,1082.590483
-2.750436,40,1083.414007
-2.6807,43,1084.188764
-4.225038,202,1086.569182
-2.907746,57,1087.531759
-3.573031,74,1088.601181
-3.839361,97,1089.965711
-4.798865,138,1092.679588
-3.73929,81,1094.565616
-3.13839,77,1096.306893
-7.08251,190,1100.49898
-4.488212,145,1103.353119
-3.265359,78,1105.014812
-3.807572,94,1106.946965
-3.713997,89,1108.716292
-3.16387,64,1110.193567
-2.614526,37,1111.277973
-2.839459,46,1112.750526
-5.582419,186,1115.815633
-3.240754,64,1117.198149
-3.688633,96,1118.909796
-3.916111,107,1120.64699
-3.241252,112,1122.379881
-5.791431,214,1125.234607
-2.717392,42,1126.075513
-4.631841,126,1127.830699
-3.35212,108,1129.44782
-4.114127,115,1131.072492
-5.454286,177,1133.453191
-2.909535,48,1134.390169
-3.407693,105,1137.644762
-2.924898,50,1138.68245
-2.664699,38,1139.484761
-2.734693,38,1140.257785
-6.306161,298,1143.577414
-6.274843,191,1145.8698
-4.120614,111,1147.356726
-3.243123,64,1148.446748
-3.40715,105,1149.822223
-2.749429,52,1150.750496
-3.223839,70,1151.904889
-3.556064,69,1152.911533
-7.670974,314,1156.980805
-2.328175,21,1157.787059
-4.363604,119,1159.75452
-2.998002,57,1160.683973
-3.895182,146,1162.371191
-2.730623,43,1163.138493
-3.21186,60,1164.110056
-4.418732,191,1166.853795
-4.307323,120,1169.254172
-3.083601,77,1170.730074
-2.655576,47,1171.906282
-4.117247,132,1173.982919
-4.752444,137,1175.590305
-3.280903,72,1176.680299
-2.971203,57,1177.600777
-2.998452,58,1178.588945
-4.1003,112,1180.336966
-3.79785,101,1181.752328
-2.978061,52,1182.608881
-5.870056,215,1184.998819
-3.314586,111,1186.540565
-2.566098,34,1187.467397
-2.873927,47,1188.733499
-3.148279,66,1190.022303
-2.463918,29,1190.737488
-3.238227,75,1191.870021
-3.285278,78,1192.979462
-3.592301,200,1195.28671
-3.78701,150,1198.380939
-3.245028,69,1199.395155
-3.397614,76,1200.42881
-3.079075,59,1201.324891
-4.600283,133,1203.006573
-3.418983,92,1204.249155
-4.222481,111,1205.718446
-5.72004,175,1208.481924
-4.052786,110,1210.112525
-4.039199,112,1211.70082
-3.25947,73,1212.904127
-3.715713,124,1214.527215
-2.921963,48,1215.365907
-2.786878,46,1216.176426
-4.865214,156,1217.93365
-2.940192,52,1218.826533
-2.707669,37,1219.572075
-2.982004,49,1220.331678
-2.720231,43,1221.092371
-3.589821,93,1222.536191
-3.326176,91,1223.909122
-7.209432,268,1226.590331
-4.069973,128,1228.217654
-4.071196,166,1230.95626
-2.964189,47,1232.20325
-2.927782,52,1233.492123
-3.083466,60,1234.86955
-4.489668,127,1237.289274
-2.582088,40,1238.474179
-2.905078,47,1239.391876
-5.77768,222,1242.211062
-2.879674,49,1243.102533
-3.117068,63,1244.09272
-6.357308,187,1246.267003
-3.393422,63,1247.253211
-2.565845,33,1247.967817
-4.704395,138,1249.602328
-3.956465,107,1251.035753
-4.360632,127,1252.55956
-4.276806,122,1254.833026
-3.054049,82,1256.525833
-4.184325,119,1257.987888
-3.363316,73,1259.066099
-2.789383,51,1260.978856
-2.760212,48,1261.820387
-3.675483,100,1263.132786
-3.479398,83,1264.211471
-3.195612,70,1265.201077
-4.504244,220,1267.633245
-3.76347,109,1268.985622
-9.385773,328,1272.32369
-5.382974,201,1274.453403
-4.233716,95,1275.638109
-3.16763,114,1277.1552
-3.71878,95,1278.424175
-3.511915,87,1279.58706
-4.950313,176,1281.593325
-2.527146,29,1282.289613
-7.282011,302,1286.127234
-2.557969,38,1287.096759
-8.233293,329,1291.103709
-6.752354,227,1293.57054
-5.823222,210,1295.850119
-4.090456,104,1297.151164
-3.157102,54,1298.032989
-3.256379,76,1299.087846
-3.091085,63,1300.063299
-5.320286,198,1302.460148
-3.229038,60,1303.46971
-6.803379,345,1307.408621
-3.005574,62,1308.52686
-5.53321,142,1310.199254
-2.992056,53,1311.154898
-7.001641,305,1315.631608
-3.150691,60,1316.54185
-6.688753,201,1318.718109
-4.29216,110,1320.074087
-3.344895,72,1321.047462
-4.146571,102,1322.29275
-4.252408,128,1323.841358
-3.388686,63,1324.779898
-3.031713,63,1325.68935
-3.348698,128,1327.153955
-5.756565,197,1329.272606
-4.427385,111,1330.62785
-3.457142,77,1331.68307
-5.405,155,1333.451875
-2.794514,45,1334.232243
-4.579145,139,1335.794082
-3.976139,184,1337.847305
-8.343334,434,1342.138732
-4.632291,139,1343.781774
-2.730145,44,1344.529307
-2.832364,46,1345.276653
-3.582904,80,1346.304232
-5.958521,209,1348.625311
-8.234618,343,1352.027981
-3.445158,78,1353.049804
-3.49195,87,1354.163981
-3.044253,57,1355.039212
-2.322427,20,1355.573658
-5.660146,140,1357.134717
-3.629878,101,1358.471314
-3.499525,92,1359.668628
-3.808216,127,1361.922435
-2.724852,41,1363.927294
-2.876713,52,1364.769645
-3.849406,122,1366.219187
-3.799724,109,1367.577434
-2.658704,37,1368.278277
-4.483723,128,1369.796656
-3.156046,70,1370.977735
-6.321676,216,1373.282233
-3.745952,81,1374.337421
-3.498854,85,1375.433783
-4.435241,153,1377.196086
-3.328471,53,1378.021849
-3.581731,79,1379.074576
-2.265269,17,1379.587999
-2.91711,52,1380.378481
-2.576934,30,1381.000827
-2.975988,50,1381.812136
-2.786401,88,1382.95948
-3.27482,71,1383.931674
-3.287837,77,1384.94739
-3.67158,101,1386.184713
-3.195419,66,1387.138965
-4.236906,127,1388.594264
-2.551539,28,1389.200482
-4.342753,138,1390.741979
-2.608385,32,1391.428658
-2.722663,43,1392.161245
-3.022033,69,1393.116786
-3.01238,56,1393.959476
-2.760883,43,1394.697473
-3.805519,93,1395.843652
-3.031117,82,1396.93745
-3.288679,75,1397.936287
-2.995383,58,1398.820582
-2.736984,49,1399.61668
-3.4882,80,1400.662548
-3.446486,106,1401.988964
-2.690784,42,1402.777702
-3.871984,101,1404.038851
-3.93893,104,1405.329602
-4.006286,126,1406.811646
-5.068414,162,1408.612569
-6.023644,177,1410.78531
-2.724829,39,1411.524468
-3.005257,68,1412.475641
-2.337411,22,1413.034261
-3.787135,92,1414.184215
-2.949449,53,1415.000256
-5.007685,161,1416.806739
-3.537696,167,1419.832452
-5.133551,248,1422.457842
-3.846086,104,1423.761426
-2.91531,62,1424.704429
-2.930863,65,1425.788441
-7.036541,218,1428.474834
-7.007736,371,1432.33832
-5.958462,211,1435.315314
-2.832775,71,1436.626281
-3.906049,216,1439.267424
-3.249705,91,1440.638467
-3.209614,78,1442.296984
-4.312909,101,1444.384357
-4.874368,150,1446.413361
-4.441439,121,1448.159279
-5.25128,132,1450.062508
-4.509245,155,1451.982927
-4.538206,140,1453.699279
-3.930799,115,1455.356004
-3.191474,62,1456.942845
-2.778407,45,1458.377222
-4.593311,158,1461.082311
-2.431644,28,1461.924003
-3.060876,69,1463.574934
-4.238062,180,1467.54727
-3.590832,111,1470.256615
-5.572334,196,1474.103737
-3.518914,81,1475.917651
-6.801238,287,1481.196571
-4.112686,169,1484.788101
-3.937278,115,1486.445856
-2.373562,24,1487.244568
-5.666313,205,1490.987851
-3.331335,88,1493.105053
-5.194624,186,1496.995732
-3.285149,80,1499.077127
-2.969333,55,1500.458607
-3.083846,76,1502.253896
-3.64444,127,1504.527719
-5.823543,184,1507.783787
-3.908352,93,1509.17883
-2.733168,44,1510.03031
-3.084765,57,1510.986015
-3.02965,59,1512.099722
-3.900194,138,1514.820284
-3.313887,73,1516.328291
-3.181511,66,1517.604709
-5.440959,250,1521.307383
-2.489428,25,1522.067025
-3.544919,94,1524.361756
-3.874041,110,1526.77371
-2.987101,56,1528.25043
-3.181208,68,1530.022817
-5.192692,193,1533.667911
-2.545682,38,1534.810357
-3.791563,105,1537.006592
-2.63928,36,1538.11523
-5.257527,168,1541.25382
-4.144301,143,1544.067738
-4.28846,129,1546.628844
-2.879682,48,1548.113099
-3.694774,102,1550.422337
-3.248631,65,1551.976559
-3.839582,114,1554.149979
-18.285839,947,1570.872037
-6.1634,284,1575.538422
-3.205045,67,1577.066029
-3.476314,102,1579.084713
-2.568543,37,1580.256683
-3.354497,87,1582.341619
-3.093917,97,1584.524557
-2.897577,49,1586.054731
-2.839073,77,1588.068867
-3.161216,109,1590.709211
-4.516568,157,1593.819056
-3.580323,82,1595.522663
-3.263967,73,1597.12205
-3.94496,114,1599.457004
-2.836596,44,1600.674096
-4.285349,130,1603.21644
-5.40328,180,1606.510437
-2.987127,62,1607.963716
-3.320247,112,1610.398599
-2.819372,42,1611.565609
-7.903349,324,1616.706023
-2.93117,84,1618.453341
-3.351265,81,1620.150248
-2.994196,54,1621.457246
-3.134908,68,1622.922534
-3.764404,93,1624.909214
-3.216446,62,1626.374023
-2.450727,25,1627.28856
-5.684195,237,1631.821002
-5.080669,158,1635.248721
-3.369597,84,1637.172213
-3.287462,81,1638.94994
-2.702994,68,1640.531662
-4.325854,154,1643.401882
-2.984173,61,1644.84006
-3.330059,77,1646.544593
-4.679829,148,1649.143687
-3.092083,70,1652.383202
-2.682159,36,1653.498338
-4.231168,127,1655.825836
-4.179147,108,1657.847542
-4.18043,104,1659.791048
-4.335072,138,1662.337501
-3.890081,106,1664.359239
-5.377142,156,1667.106274
-2.485132,31,1668.13477
-3.291864,75,1669.738855
-6.02199,252,1673.9043
-3.289805,107,1675.986118
-3.242892,63,1677.684555
-2.984535,69,1679.651294
-3.935499,94,1681.597606
-3.308109,71,1683.558553
-5.124144,148,1686.995143
-3.247299,81,1688.678567
-3.05776,61,1690.060726
-3.961846,152,1692.873028
-3.457748,88,1694.888914
-3.589756,93,1696.664247
-4.060365,117,1699.140848
-3.155781,84,1701.170927
-3.038425,122,1703.641437
-4.893451,166,1706.458362
-4.897962,188,1709.695494
-3.374873,89,1711.397412
-4.109121,138,1713.784613
-3.859389,120,1715.95153
-4.775109,186,1719.488592
-3.290819,71,1721.134417
-2.910807,57,1722.675275
-2.94024,59,1724.090434
-2.397385,25,1724.996335
-2.800481,56,1726.355735
-2.606506,37,1727.551841
-5.485829,180,1730.765931
-3.138183,57,1732.224879
-2.889077,58,1733.770369
-3.336189,86,1735.777891
-3.329331,121,1740.318965
-3.399232,104,1741.84964
-2.78709,42,1742.73438
-4.078315,106,1744.263131
-3.409485,80,1745.574541
-2.498774,36,1746.433253
-3.576159,95,1747.85706
-5.14275,156,1749.99296
-3.005247,67,1751.137075
-4.240635,133,1753.806831
-4.199498,119,1756.233871
-6.810682,272,1761.116606
-3.142902,80,1762.339733
-3.675752,99,1763.759218
-3.502431,103,1765.307433
-3.480319,162,1767.496808
-3.818907,107,1768.966405
-2.905152,53,1769.926479
-4.22897,134,1772.141551
-4.49388,181,1775.516097
-2.785329,49,1776.684575
-3.382723,109,1778.588373
-4.305427,141,1781.2866
-3.019641,60,1782.535889
-3.410541,100,1784.334254
-3.174758,102,1786.348332
-3.015574,56,1787.703565
-2.944519,56,1788.920883
-3.096514,59,1790.278899
-3.212286,75,1791.698659
-5.903518,240,1794.855421
-5.304966,197,1798.234251
-3.719742,108,1800.273904
-3.167786,84,1802.764772
-6.337342,219,1806.481738
-2.554064,30,1807.2607
-2.690816,44,1808.256463
-2.76487,49,1810.01296
-4.155265,197,1815.410645
-3.84224,125,1817.099782
-3.2926,71,1818.245703
-3.096315,72,1819.281631
-2.872558,69,1820.322596
-2.86596,52,1821.207132
-4.646406,168,1823.27431
-2.783671,79,1824.382633
-2.740803,46,1825.257122
-3.544815,109,1826.662734
-3.105548,69,1828.324007
-2.919002,65,1829.71908
-8.799208,393,1835.425119
-3.692904,131,1837.738787
-4.684566,128,1840.390153
-2.707184,44,1841.599972
-3.011773,77,1843.083113
-7.125738,314,1847.893367
-3.772144,101,1850.278295
-2.998378,64,1852.524466
-3.773769,107,1855.031864
-3.280337,95,1857.46841
-3.82964,105,1860.320652
-3.383069,92,1862.755384
-4.554907,195,1866.108029
-3.072749,62,1867.758457
-3.109024,63,1869.854919
-3.435454,78,1871.852619
-3.675248,118,1874.695992
-2.551986,33,1876.014762
-4.286149,134,1878.707668
-5.221397,168,1882.107466
-4.458842,163,1885.200775
-3.789482,116,1887.351068
-3.614597,92,1889.098429
-3.552285,79,1890.678911
-4.224067,131,1894.655967
-2.717898,44,1895.712554
-4.740458,202,1899.201759
-2.70833,42,1900.540093
-3.490566,80,1902.315416
-2.524221,43,1903.611859
-2.620658,32,1904.701465
-4.735291,157,1907.937271
-2.581954,38,1909.286746
-2.979775,61,1911.111255
-3.559605,88,1913.378629
-5.52031,259,1919.245749
-8.336039,348,1925.975715
-3.314588,75,1927.835416
-7.103085,278,1933.18123
-2.825789,74,1935.157002
-4.728596,172,1938.837032
-3.087601,79,1940.779098
-6.112716,232,1946.309709
-4.730114,145,1949.011989
-3.195859,71,1950.423265
-4.560629,187,1953.618457
-4.740273,171,1956.971417
-5.964747,203,1960.014205
-6.412869,269,1963.509035
-3.009396,64,1965.430047
-4.008563,232,1968.966709
-3.710445,148,1972.168766
-3.308039,75,1975.051576
-2.730313,37,1976.403339
-7.143359,228,1983.145494
-3.9736,158,1987.031065
-3.130525,78,1988.83934
-5.15643,211,1992.099036
-4.928632,172,1994.997516
-3.204453,73,1996.468563
-3.588029,102,1998.546584
-7.459583,350,2005.378383
-3.442929,108,2008.121805
-2.621661,38,2009.430858
-8.045079,460,2017.324417
-2.69855,83,2019.053492
-4.184104,133,2021.535147
-4.588099,188,2024.798632
-4.645675,174,2027.564754
-3.643044,181,2030.761525
-3.910382,109,2032.68379
-2.980855,66,2034.21773
-4.880306,199,2037.587123
-5.800987,237,2041.503062
-2.802699,89,2043.38909
-2.806893,48,2044.682535
-3.780005,114,2046.674739
-5.010918,169,2049.418406
-3.655698,100,2051.216734
-3.23167,78,2052.800594
-7.149874,317,2057.536707
-3.355672,154,2061.285107
-6.926465,403,2066.340413
-3.753857,104,2067.855483
-2.733986,44,2068.732648
-3.4657,120,2070.235561
-5.126862,183,2072.716941
-3.02348,62,2074.02528
-3.414658,80,2075.670191
-4.691969,225,2080.331195
-4.081489,112,2083.854205
-2.978848,77,2086.205176
-5.672959,239,2091.5083
-3.399532,96,2092.964703
-2.611096,110,2094.533819
-2.674356,43,2095.368988
-3.480624,116,2096.865953
-4.466595,160,2099.413815
-6.833232,306,2103.363134
-3.342109,108,2104.852728
-4.427397,119,2106.443873
-4.781664,159,2108.606874
-5.27644,199,2111.599463
-3.932771,117,2113.973544
-3.079908,79,2115.410425
-5.393035,255,2118.822196
-3.265648,69,2120.792704
-8.133258,376,2129.272835
-9.006786,383,2135.730165
-4.231462,152,2138.555922
-7.443305,403,2144.565547
-3.694606,159,2147.208531
-4.016521,121,2149.34898
-7.094612,320,2154.421625
-3.179444,65,2155.913549
-3.785761,107,2158.023185
-4.505507,160,2161.055749
-5.809396,232,2165.543622
-2.960296,69,2167.401998
-6.02607,215,2170.989674
-3.870637,114,2173.251803
-3.287882,94,2175.153957
-2.666439,39,2176.183915
-4.209513,132,2178.493938
-6.223425,318,2183.271873
-2.805991,115,2185.388676
-4.433571,140,2187.726832
-5.382119,239,2191.745332
-3.356445,104,2193.627671
-8.430404,300,2198.160625
-3.907296,130,2202.327271
-4.274206,166,2205.090924
-5.444432,280,2209.603477
-3.187608,72,2211.20786
-3.087102,96,2212.419777
-3.082386,66,2213.363976
-3.158735,109,2214.744569
-4.170087,133,2216.573504
-4.75899,182,2219.149913
-2.731913,48,2220.321418
-4.013967,123,2222.780942
-3.058295,65,2223.82055
-3.234341,76,2224.831449
-2.317757,85,2225.934483
-3.83339,113,2227.336313
-4.381145,180,2229.538774
-3.899262,117,2230.923455
-3.57044,98,2232.175907
-3.094167,145,2234.058635
-3.967956,139,2235.684816
-2.899037,54,2236.58026
-3.922267,119,2237.988938
-6.753853,315,2241.325009
-3.388516,80,2242.718436
-4.250324,163,2244.770326
-2.710859,47,2245.59125
-3.503797,91,2246.760663
-3.775305,122,2248.448059
-3.182061,96,2250.29106
-3.185119,71,2251.634163
-4.049736,189,2254.628393
-3.060861,67,2255.922654
-6.00535,244,2259.548313
-4.867756,172,2263.309968
-2.789236,104,2265.207362
-5.344693,226,2268.882305
-3.881839,115,2270.807706
-2.81037,54,2271.863777
-3.527703,70,2273.044684
-2.981655,66,2274.207941
-3.474067,109,2275.932261
-4.253725,168,2278.335921
-3.275671,74,2279.586871
-2.931681,54,2280.610896
-5.620841,226,2283.530821
-2.671459,117,2285.309078
-3.083103,86,2286.706542
-3.559569,112,2288.350593
-3.502253,85,2289.752238
-3.748021,104,2291.33874
-3.400916,131,2293.187659
-2.992881,86,2294.550252
-6.435826,227,2297.998938
-2.817288,100,2299.725014
-3.906108,126,2301.91736
-4.327649,142,2304.340991
-3.470838,102,2306.230492
-2.729969,43,2307.41792
-3.333544,85,2309.172167
-5.707451,232,2312.522404
-5.320428,211,2315.448734
-4.708661,214,2318.674877
-3.461237,147,2320.702906
-3.113673,75,2321.940498
-3.249654,128,2323.824818
-2.641445,44,2324.705282
-3.448195,98,2326.18089
-2.906239,77,2327.428722
-5.019369,212,2331.464885
-2.885767,47,2332.376961
-3.422046,178,2334.899112
-4.046316,228,2338.064031
-3.25512,88,2339.48196
-3.558479,141,2341.575875
-4.956986,295,2345.531322
-3.000357,65,2346.768536
-3.499815,90,2348.270864
-6.349365,276,2351.995625
-2.751436,48,2353.377733
-3.645691,98,2355.359679
-3.959162,102,2356.987318
-6.174063,298,2360.741618
-3.164211,75,2361.979033
-3.541456,146,2363.974114
-4.504866,190,2366.729135
-3.144292,106,2368.378391
-3.488894,94,2369.783795
-6.544647,255,2372.886075
-8.077026,378,2377.563896
-2.840412,69,2378.568843
-3.083801,130,2380.072265
-4.623203,206,2382.280349
-4.973985,229,2384.650952
-3.353504,74,2386.696411
-2.698499,87,2387.844117
-3.060905,69,2388.82193
-8.077667,380,2392.642923
-4.792584,149,2394.332015
-2.56765,36,2394.994134
-2.806102,85,2396.087425
-4.916704,174,2397.972019
-3.274873,69,2398.945344
-3.791198,117,2400.332809
-4.964329,329,2403.707347
-5.890615,208,2406.004696
-3.079305,178,2407.94906
-4.590812,170,2409.840569
-4.299943,142,2412.00968
-3.627343,125,2414.093695
-2.919166,71,2415.401845
-5.187196,161,2417.85215
-4.075743,176,2420.677738
-2.777662,49,2421.52185
-3.298692,98,2422.751763
-3.957594,168,2424.6682
-3.2341,85,2425.754858
-6.755411,362,2431.964931
-3.621398,101,2434.005899
-3.272983,75,2435.27778
-4.941394,171,2437.166833
-4.320609,150,2438.808555
-2.933828,69,2439.760068
-2.702489,52,2441.508656
-3.017416,126,2442.99403
-3.078673,73,2443.954124
-2.702153,41,2444.646571
-2.027743,186,2446.592445
-6.407036,329,2449.854628
-3.732967,169,2451.676857
-3.598546,119,2453.06975
-2.246291,24,2453.670285
-2.708811,49,2454.442039
-3.546574,98,2455.647668
-3.191905,83,2456.725126
-2.816125,58,2457.555315
-3.633303,133,2459.041862
-2.556713,40,2459.749154
-4.512174,150,2461.420066
-2.963729,129,2462.938407
-4.299238,157,2464.673276
-2.514481,49,2465.455136
-2.778203,48,2466.221032
-4.974274,215,2468.511718
-4.132305,144,2470.124954
-3.604312,122,2471.550308
-4.762301,191,2473.605702
-5.254067,259,2476.278957
-2.954016,91,2477.400606
-3.404853,97,2478.578969
-5.384948,222,2480.984101
-6.408159,283,2483.839652
-4.583537,210,2486.046284
-4.169943,158,2487.806339
-3.38351,96,2490.027198
-2.544378,89,2491.150435
-3.346286,86,2492.284451
-5.731214,195,2494.340661
-3.004007,105,2495.583205
-3.782373,170,2497.446711
-3.284049,92,2498.619049
-2.699531,156,2500.342667
-5.091132,146,2501.956653
-4.950355,265,2504.663634
-3.175442,113,2506.033426
-2.805126,71,2506.983375
-4.179109,150,2508.623342
-4.385141,127,2510.096543
-4.585596,254,2512.742161
-8.669473,404,2516.69798
-3.030943,64,2517.601376
-3.74239,109,2518.881277
-3.188119,148,2520.508434
-4.901201,174,2522.394919
-3.494798,116,2523.76736
-5.102117,225,2526.097363
-2.801896,69,2527.051213
-4.750946,206,2529.218037
-6.971287,303,2532.307746
-2.394744,81,2533.370146
-5.803245,272,2537.140707
-2.928046,65,2538.049408
-2.673821,121,2539.454447
-2.974332,98,2540.656638
-3.408154,205,2542.788266
-2.148332,101,2544.019018
-3.241158,105,2545.283582
-3.130014,95,2546.452255
-2.609744,90,2547.588383
-2.751035,69,2548.543687
-2.569919,56,2549.376401
-5.616428,253,2551.964976
-3.572677,184,2553.987482
-4.997397,227,2556.395338
-6.795916,393,2560.268187
-2.449957,35,2560.940763
-3.105771,106,2562.187796
-6.461278,329,2565.487201
-3.1634,116,2566.860345
-2.998111,72,2567.819211
-4.902921,167,2569.635209
-4.128318,164,2571.425109
-4.457423,188,2573.410836
-3.13556,79,2574.461419
-2.682217,77,2575.467192
-5.798472,285,2578.369014
-2.576298,78,2579.414837
-3.094661,104,2580.67857
-4.987039,260,2584.393062
-1.717476,130,2585.890232
-3.915619,179,2587.818028
-5.263195,266,2590.496032
-3.014546,113,2591.850913
-3.946528,121,2593.263521
-3.578901,184,2595.210095
-3.303961,87,2596.30839
-3.076406,87,2597.402096
-2.548862,107,2598.738206
-3.855705,142,2600.348648
-4.718711,193,2602.369398
-3.852665,118,2603.738161
-4.89784,136,2605.308111
-4.166605,118,2606.672112
-3.270295,120,2608.071019
-5.065131,214,2610.37415
-3.267693,96,2611.551698
-2.697142,123,2612.9602
-4.354391,129,2614.469539
-3.499307,101,2615.686795
-4.034748,118,2617.063957
-5.517282,222,2619.385106
-2.787088,54,2620.216722
-4.729748,218,2622.523666
-2.725302,40,2623.22599
-3.651958,145,2624.825511
-5.067569,158,2626.536599
-3.774274,140,2628.119417
-10.603121,530,2634.217043
-4.955993,215,2636.569065
-8.448157,503,2641.539364
-4.054731,144,2643.162529
-6.408879,404,2647.09513
-2.908234,71,2648.083277
-5.229392,206,2650.21262
-4.992677,227,2652.607037
-4.108194,98,2653.838568
-1.634355,189,2655.842632
-3.701035,196,2657.919386
-3.218559,121,2659.33619
-3.674445,109,2660.663449
-5.221564,274,2663.472074
-3.481213,185,2665.46542
-4.061269,205,2667.630759
-2.374805,93,2668.787872
-3.969191,125,2670.225026
-3.2944,113,2671.55375
-3.755309,125,2673.965311
-3.179012,112,2675.326636
-4.261301,224,2677.632034
-2.570788,41,2678.333623
-6.41937,391,2682.145856
-4.34943,140,2683.711346
-5.786556,199,2685.820176
-4.443539,154,2687.495511
-2.782456,45,2688.236872
-3.043635,120,2689.683396
-3.217467,99,2690.894527
-7.034428,459,2695.327023
-2.438832,85,2696.411628
-4.278924,114,2697.730527
-3.259958,147,2699.360919
-3.463836,90,2700.495889
-3.690994,230,2702.853813
-2.74999,126,2704.291128
-5.219589,226,2706.664259
-4.352721,136,2708.184802
-3.884515,126,2709.620519
-3.332563,149,2711.256623
-3.275881,119,2712.671475
-5.122582,193,2714.800445
-3.68773,88,2715.910414
-3.286285,125,2717.368996
-6.322992,336,2722.116411
-2.819804,149,2723.837426
-2.781992,87,2725.041318
-4.755566,179,2727.027645
-3.253614,94,2728.192379
-5.430086,350,2731.848486
-2.900256,83,2732.905491
-3.725018,147,2734.51802
-3.45043,117,2735.882731
-2.887535,75,2736.855673
-4.084652,129,2738.310814
-2.627786,145,2739.896215
-3.085657,137,2741.477513
-2.695583,49,2742.244264
-5.460398,369,2745.865305
-4.946577,186,2747.822395
-2.65761,100,2749.023206
-4.795751,159,2750.75892
-3.608429,224,2753.08363
-2.983033,57,2753.927246
-4.237345,138,2755.464351
-4.693406,193,2757.494615
-2.356162,80,2758.523744
-3.419422,185,2760.490752
-3.194212,104,2761.764046
-2.876296,199,2763.901281
-4.312956,322,2768.717025
-5.35167,283,2771.543877
-2.356143,178,2773.421375
-2.714946,50,2774.195701
-5.079545,340,2777.509892
-3.469985,150,2779.144717
-3.826193,214,2781.402589
-3.092037,132,2782.928861
-3.459358,265,2785.665685
-8.550877,282,2788.517651
-3.28166,219,2790.794955
-3.462297,116,2792.141042
-3.791188,120,2793.533903
-3.281354,299,2796.623564
-3.973503,177,2798.515154
-2.568004,92,2799.650943
-5.377801,184,2801.579327
-2.794066,106,2802.894765
-5.222064,296,2805.886346
-2.962866,67,2806.79898
-2.975667,102,2808.015857
-2.783175,73,2808.98504
-5.181274,238,2812.424355
-5.546637,282,2815.270085
-2.350754,99,2816.464461
-4.194125,183,2818.416751
-2.085082,82,2819.49582
-2.63096,42,2820.187121
-2.413564,66,2821.11212
-2.793997,78,2822.121074
-2.183639,155,2823.831403
-2.694051,95,2824.994923
-2.18304,85,2826.062788
-3.542513,168,2827.870947
-2.488337,171,2829.703651
-2.607662,129,2831.161416
-2.846485,70,2832.104093
-3.421716,181,2834.009186
-4.757356,120,2835.398316
-2.87689,71,2836.362792
-3.74112,181,2838.304155
-2.621442,98,2839.516492
-4.131313,191,2841.556401
-2.522889,103,2842.801539
-3.237865,153,2844.458008
-2.744364,140,2846.017204
-2.819293,59,2846.886255
-2.197655,97,2848.089293
-3.330066,142,2849.671258
-2.91359,54,2850.471167
-3.482503,109,2851.744141
-3.526442,210,2853.928251
-3.345368,123,2855.348223
-2.520919,203,2857.476605
-2.089684,130,2859.867914
-3.638716,189,2861.954756
-3.692706,361,2865.511387
-3.153807,192,2867.519638
-2.694566,181,2869.442688
-5.057772,436,2873.721887
-3.060388,80,2874.773274
-5.749329,289,2877.756982
-4.498562,188,2879.761094
-3.740364,117,2881.115921
-5.215913,235,2883.567015
-4.658041,202,2885.67466
-4.627132,170,2887.482432
-2.725054,135,2888.994488
-2.445107,159,2890.772203
-3.406186,188,2892.777366
-1.174714,164,2894.576916
-3.511313,227,2896.895108
-3.89025,121,2898.296697
-2.963496,135,2899.897533
-3.227406,100,2901.109317
-2.896638,58,2901.94571
-7.343153,311,2906.079722
-2.799919,166,2907.885823
-3.374101,86,2908.9847
-4.112547,168,2910.812084
-3.214394,176,2912.70293
-4.881439,342,2916.104423
-3.075351,130,2917.592175
-3.022717,162,2919.348528
-6.033084,298,2922.318769
-4.813187,283,2925.245519
-4.449927,312,2928.37613
-3.434028,127,2929.840398
-2.695525,213,2932.037735
-2.536638,116,2933.376025
-2.333679,121,2934.792232
-2.747639,108,2936.147115
-2.826019,231,2938.569726
-6.85491,325,2941.885227
-5.203138,263,2944.601517
-5.046442,169,2946.430513
-3.020146,180,2949.301117
-3.000966,95,2950.553463
-3.153368,140,2952.126375
-2.509056,177,2954.004891
-1.774951,88,2955.114615
-2.639332,60,2955.972797
-1.53786,253,2958.540053
-1.623756,134,2960.068798
-2.843906,131,2961.561499
-9.669567,455,2965.940764
-4.344879,235,2968.340305
-3.687533,198,2970.45433
-2.177851,15,2970.925639
-2.09642,124,2972.356511
-6.552423,421,2976.432828
-2.665383,107,2977.704199
-5.67768,203,2979.836579
-2.511308,158,2981.537479
-7.781046,296,2984.540498
-2.031635,134,2986.077041
-2.983325,384,2989.859059
-2.260876,103,2991.112847
-2.56749,68,2992.025315
-4.061203,272,2995.745095
-3.253496,151,2997.400609
-3.444493,116,2998.73429
-2.445093,99,2999.920979
-3.114499,150,3001.656268
-2.321843,60,3002.521781
-3.264847,209,3004.71952
-1.971356,109,3006.04347
-2.708283,51,3006.818658
-2.268573,94,3007.978964
-2.887032,104,3009.228995
-2.74473,117,3010.605877
-3.587127,158,3012.329054
-2.332676,143,3013.926153
-2.140259,52,3014.735182
-3.133442,93,3015.898239
-9.680433,710,3022.512578
-3.143873,215,3024.812478
-5.132877,177,3026.723817
-2.953418,283,3029.625676
-2.41058,120,3030.990291
-4.354082,213,3033.170732
-3.135035,196,3035.212603
-2.456693,122,3036.624161
-1.926595,174,3038.460436
-2.206143,102,3040.686738
-3.240354,279,3043.519321
-2.325271,22,3044.060304
-2.964978,140,3045.596351
-3.117335,95,3046.746512
-2.086164,232,3049.099292
-1.810237,165,3050.888526
-2.249089,70,3051.831245
-2.610178,88,3052.986478
-4.817481,274,3055.813811
-4.819064,251,3058.352681
-1.976431,133,3059.889107
-4.019828,178,3061.803988
-4.671239,257,3064.54546
-3.163502,189,3066.562005
-3.763646,160,3068.346517
-2.755496,112,3069.661316
-1.899312,313,3072.735346
-2.301172,121,3074.179273
-1.744777,110,3075.474161
-4.036426,373,3079.189836
-4.251762,390,3083.102224
-2.50912,199,3086.312354
-1.427573,142,3087.95002
-4.35,130,3089.465112
-3.493876,225,3091.841808
-2.664918,115,3093.192935
-2.614549,212,3095.40464
-2.079888,150,3097.081622
-4.847472,175,3099.670751
-5.092418,329,3102.997658
-5.173678,405,3106.947569
-4.126231,265,3109.66311
-3.343707,203,3111.773308
-2.928544,89,3112.874226
-2.942557,90,3114.025693
-1.114635,178,3115.954042
-2.999594,118,3117.354069
-3.254832,312,3120.520837
-3.3585,104,3121.798706
-3.697985,198,3123.891302
-2.275601,140,3125.448599
-2.832861,131,3126.921623
-3.245465,267,3130.67393
-2.658556,169,3132.532921
-2.320358,269,3135.218907
-1.969133,106,3136.500816
-3.09567,182,3138.418698
-3.480364,154,3140.119496
-2.927149,214,3142.344654
-2.966849,122,3143.742215
-3.041989,61,3144.627517
-1.493906,192,3146.748667
-3.230534,150,3148.447232
-3.739672,182,3150.435019
-4.382101,248,3153.000948
-1.225902,283,3155.945139
-4.098473,143,3157.5323
-2.701833,261,3160.2054
-4.314986,233,3162.625191
-3.643103,222,3164.947603
-3.399322,132,3166.45945
-2.736821,102,3167.677879
-3.519331,179,3169.63615
-2.678734,78,3170.644303
-6.249713,444,3175.969033
-2.324309,148,3177.683997
-2.192015,140,3179.245861
-2.703098,106,3180.578202
-2.584134,256,3183.250822
-1.8415,133,3184.765118
-6.78947,450,3189.177195
-2.271082,178,3191.109231
-2.510082,98,3192.313312
-2.454783,201,3194.471687
-4.400944,180,3196.406259
-1.594303,132,3197.895785
-2.243942,110,3199.184292
-3.156483,300,3202.296288
-4.186962,291,3205.219457
-4.371244,252,3207.867896
-2.79186,191,3209.921811
-1.912988,137,3211.490863
-2.00214,227,3213.858893
-2.400696,233,3216.288146
-2.221969,138,3217.876479
-3.520647,176,3220.754899
-2.514378,46,3221.498296
-2.654858,190,3223.547173
-3.156768,166,3225.341255
-2.086318,99,3226.535647
-2.969588,95,3227.690855
-2.913789,220,3229.988941
-2.054062,188,3232.10482
-2.747831,157,3233.830519
-2.914728,107,3235.088948
-3.3292,165,3236.952247
-2.18734,121,3238.368615
-2.418946,117,3239.749508
-3.298466,256,3242.358413
-2.297216,84,3243.436811
-3.67425,151,3245.141315
-3.520911,282,3248.092978
-3.180299,173,3250.008596
-4.859008,160,3251.761178
-2.041996,129,3253.277602
-3.486688,201,3255.515767
-2.697481,157,3257.334373
-5.377892,311,3260.503717
-3.218147,207,3262.717497
-1.897908,235,3265.16115
-3.765497,156,3267.953848
-2.17756,202,3270.096176
-2.126878,95,3271.262846
-6.438002,630,3277.372869
-3.098698,150,3279.085622
-2.66034,139,3280.66992
-1.54914,145,3282.341408
-2.193697,137,3283.926102
-1.409593,203,3286.066837
-4.957869,234,3288.590049
-2.982666,163,3290.443177
-3.135803,208,3292.651507
-3.687188,230,3295.057639
-2.40016,212,3297.302983
-2.483068,168,3299.171402
-2.101207,106,3300.467848
-9.69571,533,3305.564226
-1.532614,144,3307.224127
-1.724011,131,3308.718932
-2.625487,152,3311.330102
-3.495423,286,3314.257324
-0.929116,149,3315.888905
-3.106064,174,3317.795835
-2.441986,239,3320.290262
-2.20447,225,3322.627342
-2.248068,177,3324.553166
-2.266078,96,3325.768525
-3.457298,188,3327.758315
-2.340516,188,3329.74828
-3.711275,201,3331.872478
-3.585014,383,3335.63034
-1.878788,183,3337.590267
-1.222334,107,3338.886324
-3.080787,182,3340.853566
-2.650277,102,3342.081926
-2.495288,118,3343.448713
-2.929011,141,3345.023453
-7.664422,410,3349.048805
-1.680895,169,3350.895909
-3.358101,97,3352.138231
-1.969538,181,3354.067261
-2.482108,141,3356.646643
-2.779283,146,3358.309619
-2.971552,180,3360.260462
-2.232276,210,3362.468575
-2.066261,182,3364.436013
-3.559297,110,3365.730115
-2.034865,107,3367.019661
-1.833639,162,3368.796871
-2.649795,286,3371.693655
-2.003078,97,3372.884622
-2.762873,227,3375.244473
-1.847868,106,3376.516104
-2.08903,202,3378.645555
-2.413895,183,3380.602714
-2.002399,103,3381.85323
-3.056038,174,3383.733068
-2.821262,74,3384.756496
-0.971417,124,3386.209116
-4.164998,196,3388.343435
-1.800695,106,3389.630596
-3.426365,201,3391.801268
-2.176379,140,3393.3616
-2.157458,60,3394.221338
-3.332185,184,3396.206972
-3.983234,218,3398.46822
-2.074277,92,3399.608596
-2.618311,113,3400.952127
-2.700286,188,3403.985908
-2.609359,202,3406.118709
-1.829702,113,3407.449521
-2.884932,246,3410.001467
-2.15973,196,3412.208595
-7.765475,389,3416.023269
-1.797691,120,3417.452281
-2.605896,195,3419.558795
-4.273538,172,3421.428279
-2.719463,358,3425.001895
-5.556303,353,3428.520539
-3.611509,186,3431.128262
-2.928486,322,3434.323288
-1.50316,94,3435.492271
-1.386048,190,3437.573795
-5.542877,307,3440.720176
-2.185812,100,3441.947044
-5.530371,157,3443.693688
-2.946384,241,3446.210694
-0.85488,127,3448.645544
-5.42499,260,3451.328834
-1.844988,107,3452.614832
-0.912483,89,3453.714568
-1.490868,75,3454.714342
-3.57056,196,3456.784899
-3.370838,324,3460.033805
-3.223841,193,3462.094732
-1.062366,228,3464.577166
-1.912944,174,3466.541093
-2.227261,200,3468.684848
-1.628538,124,3470.129834
-6.176671,356,3473.664975
-3.964281,206,3475.857885
-1.28676,278,3478.741675
-1.779801,285,3481.622961
-2.571309,137,3483.168089
-2.488723,121,3484.581256
-3.958368,287,3487.479294
-3.832521,145,3489.129246
-2.237204,128,3490.598846
-6.396056,345,3495.033714
-2.007001,317,3498.205383
-1.2403,119,3499.580003
0.223673,184,3501.566155
-2.492681,62,3502.452863
-1.837165,94,3503.635271
-2.565165,159,3505.410521
-2.51917,59,3506.266296
-1.672416,110,3507.560488
-2.818462,83,3508.663714
-2.182189,14,3509.138866
-2.12041,159,3510.874239
-1.45917,233,3513.290847
-2.085738,137,3514.956566
-9.3969,628,3521.006305
-3.65065,269,3523.776792
-7.309583,343,3527.200546
-1.879769,154,3528.94382
-2.195096,112,3530.254588
-2.040113,71,3531.199219
-2.474659,164,3533.036961
-1.504137,144,3534.682956
-3.027259,262,3538.443664
-1.886462,213,3540.785509
-1.98089,84,3541.90182
-1.831864,136,3543.437965
-1.936507,120,3544.859731
-3.444404,121,3546.261319
-0.281316,278,3549.101202
-2.66206,110,3550.419351
-2.106847,138,3551.996001
-2.488611,36,3552.651083
-1.735747,176,3554.576791
-2.840997,197,3556.722697
-2.199191,204,3558.955636
-1.805745,159,3560.781828
-3.733556,224,3563.150928
-3.170314,189,3565.178152
-1.833121,130,3566.705511
-2.321882,127,3568.189634
-1.542139,199,3570.290917
-3.3414,187,3572.281324
-4.174458,232,3574.699459
-4.419169,234,3577.13544
-2.281078,216,3579.438213
-1.865257,197,3581.515594
-3.578085,281,3585.337874
-1.986511,140,3586.927872
-0.655796,243,3589.446563
-1.988267,140,3591.02925
-2.360959,147,3592.695314
-0.413898,180,3594.659628
-1.051947,103,3595.914586
-2.93316,72,3596.90692
-3.422868,212,3599.141409
-2.029222,101,3600.357475
-0.375636,254,3602.975283
-1.447086,146,3604.658523
-2.578273,132,3606.172843
-2.218978,71,3607.140165
-1.95285,115,3608.490537
-1.939826,297,3611.500532
-3.35402,263,3614.198678
-1.796669,115,3615.548779
-1.040312,198,3617.662631
-2.779416,178,3619.638072
-2.687401,197,3621.714101
-1.258501,218,3624.023934
-2.978239,185,3626.038403
-6.360052,611,3632.91589
-1.938651,173,3634.78738
-2.527597,201,3636.932976
-2.166549,195,3638.99486
-3.406079,132,3640.525319
-0.916817,448,3644.846084
-2.268886,239,3647.361009
-0.959228,193,3649.411417
-2.410249,90,3650.56654
-4.753186,354,3654.089407
-1.788408,160,3655.868521
-4.851084,334,3659.256061
-3.022991,120,3660.678205
-1.382146,148,3662.333618
-2.126564,95,3663.53786
-1.039999,107,3664.847388
-2.136692,108,3666.179862
-1.823752,206,3668.399823
-3.15958,119,3669.835175
-2.684349,207,3672.128019
-2.90321,96,3673.319012
-3.624272,169,3676.26109
-2.507767,215,3678.497228
-1.399238,191,3680.533391
-3.288329,220,3682.915625
-0.780131,279,3685.747955
-2.37387,207,3687.983105
-2.308655,285,3690.84791
-4.033158,184,3692.785614
-1.306579,224,3695.075738
-1.864068,200,3697.176522
-3.420011,215,3699.484156
-1.939991,131,3700.979016
-2.121628,127,3702.459989
-2.730178,291,3705.407779
-1.532335,134,3706.927618
-2.253253,175,3708.785673
-1.757646,138,3710.35362
-1.138227,123,3711.770483
-4.149262,132,3713.235574
-1.676819,72,3714.178851
-1.073496,214,3716.404372
-1.442345,246,3719.927022
-7.969819,479,3724.569662
-2.684473,131,3726.034019
-0.190619,169,3727.83564
-2.72539,157,3729.558631
-0.382388,226,3731.913295
-2.023768,209,3734.074982
-2.955358,232,3736.453578
-0.861125,463,3740.920472
-1.128575,150,3742.576085
-2.898351,120,3743.94267
-2.146212,186,3745.941002
-2.775907,235,3748.350886
-1.996371,246,3750.866842
-2.373287,143,3752.429166
-1.728605,192,3754.50346
-2.892528,127,3755.980822
-2.012121,145,3757.597565
-2.98167,251,3760.658705
-2.657509,279,3764.704004
-2.571623,298,3767.727137
-2.907054,76,3768.749338
-2.944491,178,3770.674749
-2.268495,122,3772.111918
-3.842399,287,3775.010607
-1.278422,119,3776.450366
-0.359883,226,3778.824172
-1.65684,114,3780.183561
-2.346081,47,3780.941924
-2.221073,129,3782.415079
-1.355875,184,3784.381662
-4.024353,291,3787.287447
-6.275738,282,3790.087527
-3.731009,287,3792.973137
0.83313,362,3796.505765
-2.010513,108,3797.809899
-1.726986,189,3799.842238
-1.271896,137,3801.375879
-7.170251,505,3806.515577
-2.136779,176,3809.591463
-3.328072,254,3812.176079
-2.512734,140,3813.762504
-2.971989,138,3815.308678
-1.225334,108,3816.57344
-2.383403,241,3819.056918
-1.635835,111,3820.371147
0.665781,367,3823.942574
-2.33175,56,3824.759602
-0.917296,95,3825.904668
-0.071193,406,3829.911678
-4.59202,311,3833.062775
-1.23078,253,3835.674681
-2.856202,242,3838.161994
-1.478145,221,3840.524766
-1.810968,109,3841.87373
-2.24029,226,3844.192729
-6.501325,456,3848.55116
-2.187343,75,3849.520891
-2.976825,125,3850.927439
-3.111182,209,3854.18716
-0.986488,116,3855.580488
-2.928289,203,3857.711821
-1.731975,144,3859.311423
-2.449669,276,3862.115838
-2.986142,100,3863.353597
-2.506094,171,3865.231669
-2.231199,209,3867.419917
-2.015032,117,3868.766734
-5.017664,226,3871.143238
-1.256783,277,3873.918334
-2.855505,236,3876.345206
1.418819,302,3879.398121
-2.117843,158,3881.160452
-2.608215,71,3882.118966
-0.883195,177,3884.048177
-1.267167,148,3885.69318
0.57314,281,3888.516809
-2.514718,149,3890.173455
-2.136403,191,3892.219718
-1.948872,102,3893.438725
-4.633836,288,3897.382237
-0.816425,195,3899.454354
-1.589835,123,3900.875496
-2.097207,455,3905.255303
-2.091672,68,3906.172723
-1.528307,143,3907.799764
-2.397143,37,3908.4534
-6.348862,446,3912.756869
-0.766985,171,3914.619681
-1.864114,259,3917.232295
-1.183273,179,3919.121176
-2.609055,164,3920.912827
-0.025997,199,3923.017839
-2.465398,34,3923.642098
-1.65752,124,3925.056872
-2.017681,148,3926.728461
-1.212563,135,3928.245844
-2.671452,299,3931.194276
-2.207154,119,3932.571153
-0.16346,154,3934.294179
-4.656163,265,3936.993515
-0.788706,153,3938.721876
-6.900566,419,3943.820214
-2.632795,85,3944.895759
-1.805977,125,3946.308608
-2.68091,279,3949.095585
-1.96606,186,3951.080499
-5.062743,314,3954.367669
-1.008995,153,3956.080611
-3.172119,220,3958.387046
-2.491855,332,3961.786487
-1.806745,150,3963.463224
-1.611161,228,3965.837336
-2.941885,274,3968.67579
-5.387214,456,3973.082409
-3.158875,195,3975.136586
-1.274487,181,3977.070162
-2.440554,129,3978.527072
-3.476271,313,3981.687574
-4.06757,469,3987.354837
-2.723303,332,3990.749336
-2.030959,145,3992.397803
-2.502657,136,3993.928229
-2.448609,54,3994.74071
-2.098154,93,3995.892804
-1.778845,88,3996.977916
-0.479282,166,3998.785391
-4.278869,171,4000.615706
-1.203305,401,4004.523964
-0.827467,186,4006.504132
-2.019662,155,4008.195229
-1.863555,123,4009.598355
-0.792795,160,4011.396549
-0.860309,178,4013.338195
-2.860041,248,4015.876355
-1.167994,217,4018.146909
-1.203752,142,4019.726954
-0.42147,441,4024.026337
-1.707135,157,4025.754116
-4.782276,272,4028.53816
-1.070317,219,4031.849387
-1.484908,335,4035.171499
-2.448043,62,4036.034587
0.122727,158,4037.78652
-0.861638,130,4039.285658
-3.31126,349,4042.810252
-6.650825,452,4047.185972
-2.834407,282,4050.049715
1.171458,670,4056.513803
-0.793574,116,4057.902703
-2.263316,218,4060.18234
-2.654147,160,4061.952586
-1.795242,227,4064.389115
-0.826,142,4066.026515
-3.554467,259,4068.699042
-1.986209,250,4071.344834
-0.155617,142,4074.051884
-2.516009,141,4075.656277
-0.721731,162,4077.452688
-1.876812,223,4079.814334
-2.580643,112,4081.141486
-1.188203,280,4084.011415
-1.72689,209,4086.973908
-0.881032,188,4089.084217
-1.323039,155,4090.856423
-2.933268,171,4092.685047
-0.190864,617,4098.580441
-1.004583,337,4102.015932
-0.022537,249,4104.538948
-0.969537,146,4106.171942
2.031635,383,4109.949321
-1.946973,290,4112.868285
-0.114809,227,4115.251569
-0.358782,269,4119.08287
-1.619884,297,4122.103579
-1.001857,117,4123.49942
-1.498633,259,4126.153866
-1.800443,120,4127.569459
-0.907137,205,4129.745601
-1.85981,269,4132.516145
-3.398146,175,4134.41639
-3.702702,333,4137.889085
-1.125815,162,4139.680172
-0.637042,110,4140.990208
-1.704679,402,4145.091422
-3.377349,316,4148.367715
-2.101255,158,4150.128189
-0.263725,255,4152.745039
-0.977836,226,4155.1089
-1.726137,208,4157.294827
-1.5222,213,4159.53156
-1.005441,164,4162.359657
-1.969483,163,4164.185133
2.250966,581,4169.821895
-2.274478,455,4174.236089
-1.859353,410,4178.356678
-2.596023,114,4179.729065
-3.327721,192,4181.803437
-2.321413,169,4183.634038
-0.529068,287,4186.591939
-2.723402,409,4190.55566
-1.930617,117,4191.940105
-2.624777,76,4192.96428
-0.229469,277,4195.793988
-1.075008,216,4198.044351
0.022478,155,4199.769734
-1.296827,90,4200.914754
-1.26838,164,4202.720183
-1.565511,159,4204.485607
-1.200632,242,4207.973255
1.344987,294,4210.978424
-1.608251,109,4212.2928
-2.618028,352,4215.798784
-1.886628,487,4220.542082
-4.0138,308,4223.680856
-2.229739,185,4225.67238
-6.991495,568,4231.172742
-1.760752,131,4232.659748
2.141795,375,4236.327285
-3.118103,383,4240.160914
-2.828691,129,4241.648854
-5.187228,345,4245.067472
-2.98999,223,4247.423806
2.284529,474,4253.020563
-1.977942,210,4255.216553
0.268913,398,4259.192806
-5.057251,299,4262.257579
-0.612706,261,4264.917856
-2.719812,321,4268.141415
-1.939654,188,4270.207911
-0.060677,185,4272.219124
-1.719995,183,4274.231826
1.168734,199,4276.363322
-0.882648,158,4278.156062
-4.118171,238,4280.623239
-0.922136,155,4282.396748
-1.187612,153,4284.105967
0.180758,210,4286.321684
-0.547313,174,4288.234904
-4.265601,387,4293.070117
-1.593691,555,4298.460472
-2.720356,102,4299.756442
1.269386,419,4303.917959
-2.876867,154,4305.62281
0.726313,216,4307.911763
-0.109125,303,4310.961227
-1.163043,119,4312.375293
-2.320962,400,4316.322717
-0.733616,209,4318.584769
-1.072187,292,4321.582856
-0.268524,249,4324.141329
-2.762072,120,4325.562726
-0.438411,137,4327.149457
-0.63931,492,4331.9536
-2.597697,54,4332.759948
-0.617838,217,4335.972783
-1.477436,208,4338.230811
1.59291,816,4346.045982
-1.296757,164,4347.836721
-1.182671,210,4350.087369
-0.256414,390,4354.021278
0.136986,806,4361.660317
-3.717051,276,4364.512995
-0.623836,118,4365.893515
-0.771422,283,4368.772662
-2.976159,90,4369.906633
-1.164034,178,4371.832563
-0.549676,121,4373.260746
-1.541407,131,4374.776257
0.064803,385,4379.749399
-0.33025,263,4382.504421
0.737377,357,4386.08571
0.88014,528,4391.242134
1.320133,254,4393.900277
-2.518689,416,4398.064899
0.087775,175,4400.024332
-1.289293,210,4402.242493
-2.436342,200,4405.011908
-1.696188,127,4406.659526
2.21318,304,4409.736348
0.329935,274,4412.558416
-0.925087,183,4414.52649
-0.607804,209,4416.777815
-0.733972,500,4422.631916
-3.330221,347,4426.189581
-1.406837,182,4428.151646
0.896937,453,4432.708087
-1.005941,260,4435.437284
1.637842,304,4438.531708
-2.506499,304,4441.671921
0.132902,159,4443.431705
-0.17878,183,4445.40972
2.938591,336,4448.836058
-2.345104,276,4451.697894
-2.422675,268,4454.526231
0.985319,461,4459.138422
-1.130955,140,4460.7551
-0.447189,166,4462.652635
-0.51782,106,4463.973829
0.504157,206,4467.164978
-1.921812,350,4470.748197
1.213016,635,4476.904526
-1.156023,326,4480.22366
0.589487,475,4484.940957
2.344357,416,4489.042128
0.637562,363,4492.75117
-2.370631,323,4496.063771
-2.014606,220,4498.386957
1.659689,765,4505.807032
-3.701452,358,4510.462214
-0.44893,160,4512.289505
6.265945,618,4518.320685
1.555966,249,4520.93802
-2.148007,117,4522.317673
-1.704881,274,4525.224446
-0.878655,245,4527.784399
-1.50639,180,4529.795384
0.413707,423,4534.047743
-2.477977,386,4537.915552
5.133828,729,4544.979209
0.11254,275,4547.907857
-0.888426,191,4549.967136
2.133392,377,4554.816753
-0.180184,155,4556.556063
-8.176545,421,4560.825004
1.493318,206,4563.018028
-0.300237,167,4564.876583
2.488258,407,4568.978102
0.281898,239,4571.469777
-1.309557,197,4573.609895
3.159824,422,4577.818127
-1.009201,186,4579.856986
-1.892364,184,4581.892477
-4.887823,814,4589.971651
3.788627,849,4599.120384
3.364791,581,4604.814157
0.161358,180,4606.834662
-3.346454,366,4610.535486
0.635475,307,4613.731809
-1.187184,186,4615.747472
-0.206194,320,4619.026102
-0.479968,151,4620.73642
0.443152,269,4623.509058
0.021063,286,4626.511629
-2.029607,549,4631.977292
-2.480069,366,4635.687813
2.175244,347,4640.347812
0.604447,444,4644.780654
1.533603,338,4648.318046
0.894286,331,4651.693935
0.585334,211,4653.933312
-0.56991,241,4656.51938
0.204412,694,4663.274837
5.420927,580,4669.038733
4.302439,835,4677.093166
5.829763,580,4683.870411
-2.581371,152,4685.57755
-1.233688,212,4687.858988
-2.378619,173,4689.807238
-5.205045,643,4696.187372
1.372406,215,4698.476197
-0.215574,262,4701.266132
-1.198564,694,4708.041627
1.479386,507,4713.055887
3.029837,743,4721.111127
-1.030393,125,4723.587796
0.719149,1001,4733.126915
2.24164,179,4735.08234
-4.349394,464,4739.832196
-0.005158,386,4743.817369
-0.564638,431,4748.131906
1.588757,385,4751.977801
1.393482,334,4755.402102
2.898009,228,4757.865983
2.058394,483,4762.68078
1.241715,829,4771.730508
-0.758054,221,4774.128862
5.357331,695,4780.87783
-0.119045,127,4782.361287
-3.252108,898,4791.01428
7.59766,679,4797.72507
1.232129,356,4801.414195
7.829586,666,4808.866888
-1.857848,155,4810.610435
5.795794,697,4817.410756
1.275212,371,4821.170382
-1.278569,88,4822.297667
-1.634267,224,4824.722492
-0.836624,117,4826.114356
4.689989,540,4831.480105
-1.623112,99,4832.700616
3.22676,413,4836.891459
0.337873,260,4839.621265
2.5388,217,4841.931491
6.676565,501,4846.929252
-2.963059,271,4850.73109
-1.54342,253,4853.484667
12.798551,1001,4863.216748
1.876638,336,4866.711385
2.666449,406,4870.910347
1.161084,347,4874.51761
3.71712,383,4878.460635
1.001531,1001,4888.257068
10.503149,924,4898.395214
6.256952,572,4904.043783
4.440247,396,4908.080184
-3.025897,118,4909.506106
1.057561,355,4913.186944
10.078393,769,4920.741658
0.704675,229,4923.219434
11.406446,800,4931.056694
14.333435,870,4940.543697
-0.650857,202,4942.758047
-0.914042,178,4944.727009
-1.72949,141,4946.357377
-0.02534,271,4949.25227
3.7744,579,4955.090916
7.690676,437,4959.505879
-1.76702,91,4960.657666
3.15876,327,4964.014717
7.595442,740,4971.226383
2.379031,727,4979.463967
5.376715,915,4988.460681
2.242989,338,4991.948857
-1.508664,97,4993.159918
3.708494,571,4998.834108
3.901402,541,5004.33068
1.351834,168,5006.224682
2.450391,373,5010.045239
4.039005,313,5013.336608
14.228374,800,5022.255045
0.919491,263,5025.042862
1.790667,345,5028.644081
-0.332435,260,5032.337155
8.599118,618,5038.613795
9.263139,1001,5050.178864
14.241072,892,5060.552677
1.266616,257,5063.751585
3.761831,548,5071.20546
-3.20742,453,5076.626932
2.58417,202,5079.199256
1.057091,205,5081.830683
0.409641,276,5085.139713
14.667933,1001,5094.870176
11.072147,838,5104.412748
7.59657,518,5109.672798
0.31049,251,5113.783715
16.862698,1001,5125.250925
6.207081,381,5129.782184
6.065639,464,5135.354068
-0.235229,121,5137.025263
0.852091,255,5140.168973
-2.548738,190,5142.307826
2.805788,473,5147.954321
1.891417,353,5152.211584
12.067935,669,5159.980097
5.242039,483,5166.618691
0.934446,331,5170.607945
1.746919,553,5177.06042
11.633793,779,5186.107469
20.650105,1001,5197.466595
4.415328,384,5202.01787
17.82729,863,5212.885276
10.856545,828,5222.34857
1.789094,157,5224.421821
-0.582621,189,5226.824805
6.597549,680,5234.628005
4.844039,603,5241.662765
7.24612,424,5246.624268
-0.455879,278,5250.062306
3.929074,281,5253.561416
21.756205,1001,5266.421546
9.230047,581,5273.408998
0.67737,179,5275.771323
8.285879,555,5282.449425
5.038106,593,5289.631326
12.230593,662,5297.457864
21.551344,1001,5309.043101
11.649976,731,5318.668503
2.131343,260,5321.949078
0.083466,199,5324.545082
-1.933072,161,5326.693958
9.007948,501,5332.737653
5.157855,692,5340.970705
14.987286,1001,5352.58887
16.154728,810,5363.176335
2.053069,187,5365.58478
23.233171,991,5377.213239
-2.754689,309,5381.052674
20.722312,1001,5393.615697
22.053249,915,5404.277719
-2.438173,123,5406.013575
-0.292173,209,5408.683343
20.104233,1001,5421.402058
10.586824,529,5427.873196
27.457613,1001,5439.708957
-3.001719,233,5442.601875
0.586053,227,5445.549366
-1.38035,285,5449.126197
6.980702,612,5456.320419
26.190725,1001,5469.048637
25.885526,1001,5480.776173
5.150446,547,5487.267269
18.757501,1001,5499.034427
18.491283,1001,5511.667796
12.195707,580,5518.551848
21.789679,974,5530.01454
-1.005421,148,5532.032429
28.67387,1001,5541.834782
16.25389,857,5550.380655
1.149171,196,5552.881628
3.986348,258,5557.052232
10.616743,611,5564.403385
1.878999,223,5567.221856
11.053266,515,5573.525891
19.534448,1001,5585.495271
16.130185,753,5594.440279
2.053436,181,5596.460904
16.567528,694,5604.624397
4.619449,477,5611.704685
13.796227,689,5618.677535
2.39901,454,5624.208247
-0.022804,178,5626.558425
-1.270546,220,5629.417541
16.516807,904,5640.222274
7.222161,418,5644.594052
11.018721,528,5650.869923
3.890744,335,5655.193969
-2.700815,128,5658.082749
0.694852,533,5664.601774
18.30305,1001,5676.434311
0.488665,611,5683.864961
5.854895,342,5688.059939
20.924312,771,5697.211417
7.954828,443,5702.602138
13.992066,651,5711.468442
2.530421,319,5714.840613
9.49927,716,5723.168746
25.85919,1001,5733.012556
3.339949,260,5736.247822
10.373744,603,5742.333152
24.104679,1001,5756.09916
8.211112,747,5765.121676
4.541334,424,5770.300742
24.407201,1001,5782.033204
6.704069,428,5787.40051
15.581193,1001,5799.375425
15.40304,875,5810.908316
2.129935,423,5816.094239
20.976024,1001,5827.950596
10.875266,739,5836.913018
23.021592,1001,5848.794949
22.113013,1001,5861.846943
6.430865,667,5869.955177
20.985851,1001,5882.028374
30.772814,1001,5893.964283
8.695902,483,5899.928167
7.051958,408,5906.045108
5.292134,312,5910.031975
11.127625,553,5916.85684
6.687684,446,5922.275424
3.137768,275,5925.829815
7.772131,371,5930.501024
1.503425,171,5932.801228
20.184701,833,5943.09518
-1.912046,74,5944.256264
24.956033,1001,5957.073297
-0.869931,219,5959.881455
3.795132,341,5964.134135
24.464,1001,5975.751404
11.099928,362,5980.209812
24.400969,1001,5992.031467
22.945685,1001,6003.659054
8.659212,466,6010.291613
7.997995,452,6015.874986
30.204571,1001,6028.122377
28.047182,1001,6039.788842
13.756041,585,6046.855834
28.285947,1001,6059.7319
10.089392,702,6068.160027
27.645497,990,6080.120822
1.856403,231,6083.161182
13.79141,588,6090.36881
-1.841785,281,6093.972586
11.441422,461,6099.689753
15.867695,667,6108.768451
25.888804,1001,6121.493441
31.646746,1001,6133.501629
29.708708,1001,6145.565861
24.858747,1001,6158.688393
18.756487,1001,6170.904584
28.168083,1001,6183.136089
18.595453,1001,6195.255332
4.959429,250,6198.517872
21.215505,1001,6211.77242
34.882177,1001,6223.871555
32.462785,1001,6236.042805
28.747516,1001,6248.071301
1.973043,183,6250.513121
30.886119,1001,6263.450475
3.540647,343,6267.757993
8.545828,387,6272.622953
9.964967,536,6279.19294
5.614529,346,6282.781178
8.251152,459,6287.531003
27.300071,1001,6299.390134
35.96762,1001,6312.570997
17.012448,511,6318.917285
14.700587,500,6325.085017
29.25637,1001,6337.153564
0.013486,102,6338.620589
32.893527,1001,6350.54455
33.975463,1001,6363.747101
25.237027,1001,6375.50644
8.746679,375,6380.158109
4.620911,281,6383.935153
10.246062,636,6391.653242
3.642853,342,6396.082098
30.857426,1001,6408.37283
7.857054,298,6413.253083
31.308644,1001,6425.523777
33.180604,1001,6437.795191
23.477588,873,6448.622124
1.302527,238,6451.795184
13.904375,558,6458.816545
13.251533,423,6465.197216
36.184589,1001,6477.365855
6.694231,332,6481.680332
0.725931,143,6483.75708
14.478639,456,6489.606311
3.78465,398,6495.697731
12.763241,474,6501.580144
11.153897,457,6507.412573
8.485018,367,6512.194954
30.934151,979,6525.138732
33.494871,1001,6537.559816
41.020563,1001,6549.756908
29.716574,1001,6561.941124
20.755458,894,6573.975706
0.322519,136,6575.608951
30.741197,1001,6585.820991
26.062107,1001,6597.888586
11.455232,335,6602.147815
41.141275,1001,6612.311834
8.903792,371,6618.064428
17.651164,709,6626.696489
32.900575,1001,6639.000616
-2.112298,65,6640.072148
42.036546,1001,6652.345196
35.224143,1001,6664.357597
39.567354,1001,6677.531203
13.637784,490,6683.803315
7.980554,351,6688.319146
7.266378,340,6692.739251
30.998038,1001,6705.223479
31.652475,1001,6717.620826
2.227243,185,6721.205272
37.478698,1001,6733.634861
23.505599,851,6744.066514
8.44691,288,6747.866017
9.002743,386,6752.900273
34.190323,1001,6765.209524
11.276089,350,6769.686592
13.152363,568,6777.950822
11.303998,435,6783.536471
2.895967,199,6786.202782
19.864099,617,6793.789483
39.265434,1001,6806.019474
29.554809,1001,6818.251808
9.153619,346,6822.668144
8.171005,287,6827.431982
7.081728,289,6831.270139
38.426314,1001,6843.613151
36.162411,1001,6855.848832
4.847589,268,6859.341306
36.976167,1001,6872.116251
42.718236,1001,6885.6725
39.017544,1001,6898.065111
33.023709,1001,6910.45563
37.396352,1001,6920.745868
1.336854,225,6923.878186
40.795026,1001,6935.278177
42.161658,1001,6947.826642
4.715971,254,6951.236226
44.408231,1001,6964.005519
41.058659,1001,6977.545296
31.916301,873,6988.700272
14.86954,481,6995.008299
39.248084,1001,7007.725449
38.881804,1001,7020.386822
42.117508,1001,7034.119634
11.758539,399,7039.302966
40.157962,1001,7052.06152
40.096033,1001,7064.317049
38.270323,1001,7076.741885
13.013786,455,7083.567559
18.94222,522,7090.240255
44.283891,1001,7102.621567
4.815186,279,7106.318128
27.067168,719,7115.317583
41.291587,1001,7128.059045
45.8327,1001,7141.872836
32.918612,767,7151.425998
43.910935,1001,7164.042515
36.245145,844,7174.481007
38.227571,1001,7187.277281
-0.162593,125,7190.102778
46.217782,1001,7202.806132
41.800597,1001,7215.477655
43.151426,1001,7228.046217
40.875393,1001,7241.576291
40.801213,1001,7255.10262
18.630478,683,7263.798546
7.129934,329,7268.052932
11.471865,388,7273.311747
40.277532,938,7283.162695
0.162855,153,7285.368667
33.931632,814,7296.822646
41.856672,1001,7309.221186
-0.75742,91,7310.588306
16.48197,435,7316.245643
13.39776,400,7321.532969
45.919012,1001,7334.305419
43.568356,1001,7347.835242
46.8367,1001,7360.333048
47.054018,1001,7373.058367
49.406492,1001,7385.830143
3.173573,190,7388.43988
12.430665,418,7393.949814
41.955995,1001,7406.111151
42.43599,1001,7418.959771
3.202019,168,7421.293569
36.687548,771,7431.26143
9.087898,253,7434.129012
46.333054,1001,7447.179358
41.733581,1001,7460.77179
13.911723,368,7465.624582
47.769121,1001,7478.237574
21.239635,461,7483.238063
28.877363,581,7490.778364
39.747474,857,7501.426887
29.041028,1001,7514.871401
43.327421,995,7527.176211
22.977684,553,7534.457833
28.159989,707,7543.592669
9.565878,361,7548.315669
35.957924,1001,7561.988901
45.238399,1001,7574.594616
19.457501,519,7581.306403
46.874148,969,7593.935175
35.537197,823,7604.672664
2.301749,139,7606.729516
7.064303,249,7610.21954
0.993434,130,7613.110144
45.435949,1001,7626.086799
1.506004,164,7628.428624
17.846201,449,7634.33968
30.245398,687,7643.940803
47.86318,1001,7656.487189
56.117292,1001,7670.409555
23.854044,643,7678.878952
12.981905,367,7683.844961
32.407666,736,7693.431284
50.748159,1001,7706.346848
18.776762,451,7712.296177
33.852059,778,7723.499223
23.816655,498,7729.915348
51.54755,976,7740.19281
48.205753,1001,7752.970304
5.333272,234,7756.158475
-1.793387,87,7757.551259
49.228669,1001,7770.326829
47.341346,1001,7784.230992
45.627143,1001,7797.122804
31.684368,681,7805.896844
56.425041,1001,7818.835661
50.133209,1001,7832.865272
11.767052,380,7837.955634
51.837154,1001,7850.933618
2.23076,181,7853.524292
38.59129,873,7864.950792
16.378948,499,7871.664901
12.590376,317,7875.98973
25.45085,560,7884.560127
54.794928,1001,7897.675218
55.258952,1001,7910.145921
45.829246,1001,7922.894712
49.878143,1001,7934.605761
60.97625,1001,7947.719869
58.121519,1001,7960.54833
53.389057,1001,7973.315548
14.896988,374,7978.39613
52.911331,1001,7990.076835
46.857481,1001,8003.283933
51.049367,1001,8016.1238
42.378903,773,8024.305347
15.369759,381,8030.120008
56.165554,1001,8044.34375
9.741118,289,8048.40663
29.908244,609,8056.364182
55.746276,1001,8071.237185
7.208102,263,8074.866718
56.649857,1001,8088.124039
50.49574,1001,8102.263796
55.464577,1001,8115.453857
11.039176,264,8119.185294
50.27951,1001,8132.458166
53.196382,1001,8145.701296
55.53817,1001,8159.952164
51.848326,1001,8173.008259
54.594192,1001,8185.968013
11.398114,255,8189.48847
55.970179,1001,8202.599858
1.111509,127,8204.514833
61.636015,1001,8218.759432
13.917953,409,8224.260855
53.712193,1001,8237.218647
55.897579,1001,8250.32672
56.058486,1001,8264.401926
61.505856,1001,8277.575651
38.833698,692,8286.825694
60.366199,1001,8300.00134
35.810146,729,8309.630975
31.862888,685,8319.598286
56.549039,1001,8332.712545
56.376951,1001,8345.894867
61.101314,985,8358.808645
27.571913,526,8365.919272
57.782484,1001,8380.073867
31.5217,541,8387.314804
3.860198,165,8389.739356
1.561102,169,8392.247952
30.37678,611,8400.513114
13.523213,323,8405.009881
40.71754,750,8414.973955
55.936691,1001,8429.116552
55.876049,1001,8443.212391
30.469595,724,8452.899532
60.798906,1001,8466.218265
54.361217,1001,8479.572428
52.899263,1001,8494.001847
57.163362,1001,8507.148716
58.426722,1001,8520.208598
58.190351,1001,8533.37617
56.191452,1001,8547.488219
10.522789,237,8550.930085
57.812534,1001,8564.031565
11.484848,314,8568.320422
59.882429,942,8580.773279
27.267634,484,8587.449598
56.990208,1001,8601.801156
21.851584,393,8607.292939
43.953809,721,8617.070122
54.980206,982,8630.32663
32.467134,616,8638.859046
23.150765,451,8645.166716
12.283599,278,8649.139385
62.097992,1001,8663.620463
62.476302,945,8676.445924
20.699334,396,8682.018081
20.944836,454,8688.310092
59.597122,1001,8701.795782
60.033228,1000,8716.349558
61.149151,1001,8729.922365
58.810854,1001,8743.535622
1.577319,155,8745.900722
32.630328,567,8753.705564
9.937659,232,8757.093851
12.128466,270,8761.019164
40.293582,666,8771.194872
33.819381,723,8781.066776
38.354723,703,8790.809137
39.613254,660,8799.887285
5.299593,208,8802.909234
24.838974,443,8809.053157
61.08394,964,8823.008928
28.413362,498,8829.824264
22.507714,414,8835.494748
53.371749,833,8846.730392
8.830495,214,8850.44481
63.919871,933,8863.398922
60.283213,963,8876.358091
10.28437,248,8881.034941
63.124122,1001,8896.258088
63.6523,989,8909.487458
47.321629,889,8921.620293
21.718117,440,8927.753671
-0.667784,95,8929.33465
60.96537,898,8942.5323
37.710304,674,8951.79602
43.603977,761,8962.134803
20.982627,394,8967.685892
19.785827,376,8972.973895
23.087617,412,8978.650198
19.146798,353,8983.601443
21.928436,448,8989.849295
62.424732,1001,9004.445253
37.32689,701,9014.111567
62.627103,1001,9027.677129
62.684575,881,9039.666487
63.450329,994,9054.154972
62.413094,1001,9067.773771
9.176816,274,9071.7302
62.327552,975,9085.11869
36.074759,669,9094.358066
61.745154,972,9107.617537
23.220949,451,9114.79528
63.429919,1001,9128.2748
11.978712,266,9132.07962
34.519184,570,9139.857383
5.414029,182,9142.537655
18.864896,347,9147.403399
63.580448,936,9160.025867
63.659183,951,9173.887644
29.004066,453,9180.267113
37.719452,673,9189.50743
63.508949,873,9201.502728
29.14322,502,9208.563606
64.241136,938,9221.43917
49.14495,712,9232.715704
63.736925,897,9245.293821
46.539623,818,9256.655391
7.572339,212,9259.865637
59.691959,992,9274.229089
35.396421,573,9282.050738
44.962991,724,9292.89731
62.130714,954,9305.994412
63.838051,982,9319.577702
61.972417,912,9332.105751
63.102484,912,9345.853563
62.613894,923,9358.677274
61.459414,905,9371.297959
43.704942,640,9380.205372
63.605045,922,9393.095749
25.787719,443,9400.432889
59.331789,887,9412.756481
64.235041,851,9424.469986
63.53778,854,9436.17843
57.341543,790,9446.998758
59.803664,919,9460.499979
56.454708,947,9473.574033
17.835447,338,9478.426846
48.015854,783,9489.267853
63.078438,987,9502.881872
64.117491,941,9516.895839
64.103558,872,9528.977036
11.1432,272,9532.931057
21.111743,381,9538.373879
64.520608,838,9550.100943
14.69296,281,9554.162356
64.33562,909,9566.702629
25.673074,476,9574.474156
32.013024,523,9581.857221
62.480984,879,9593.942133
53.89686,1001,9607.808123
63.452197,871,9619.893226
62.0108,873,9632.978271
64.610152,912,9645.562325
16.429408,345,9650.624002
62.174829,872,9662.673767
63.010149,930,9675.62476
33.296607,523,9683.101621
35.101788,696,9693.882148
62.242346,929,9707.881634
13.655335,250,9711.576509
64.023109,900,9724.186986
4.425377,171,9726.789384
18.695796,325,9731.476684
63.602056,891,9744.615473
64.9771,893,9757.926151
64.526703,880,9769.917954
65.380391,882,9781.981987
60.848297,871,9794.083545
64.068152,848,9806.030272
63.707735,796,9817.908754
21.702452,376,9823.328122
65.869796,867,9835.457241
27.261942,430,9841.654478
63.264559,883,9854.019618
45.199787,632,9862.959882
63.223756,832,9875.767681
48.340421,780,9886.67697
64.203344,798,9897.775598
62.756056,905,9910.531383
55.943627,814,9922.023315
45.982664,647,9932.266578
61.8749,924,9945.297779
15.015051,338,9950.235297
65.020192,860,9962.442485
62.871624,906,9975.298704
63.457329,875,9988.769623
56.145981,831,10000.646261
63.42898,795,10011.708158
65.07117,859,10021.217468
-2.162824,58,10022.324555
64.816123,898,10032.247245
62.80078,842,10042.607789
60.278139,912,10055.252347
35.438178,505,10062.49742
63.03114,885,10074.914274
61.009342,913,10087.779181
18.038416,322,10092.548909
29.708242,481,10100.398649
64.345128,906,10112.711229
65.074217,814,10124.933215
32.30715,560,10132.839411
63.213263,891,10145.435752
63.094129,833,10158.003649
62.230503,878,10170.295807
61.688595,966,10183.874582
58.724178,831,10195.509823
64.152822,884,10208.011014
63.568784,867,10221.267814
50.633963,635,10230.369526
63.712979,810,10241.834651
65.631168,854,10253.981053
63.296338,844,10265.918392
63.74722,838,10278.874374
16.484014,293,10283.283326
34.932994,510,10290.693829
64.83878,802,10302.18736
12.920344,285,10306.435359
53.966468,743,10317.039251
24.568618,421,10323.232367
61.735182,865,10336.656644
62.989447,798,10347.939197
63.849925,807,10359.249409
62.875873,871,10371.378841
63.150875,805,10382.829129
62.228178,852,10395.813212
56.051257,762,10406.587914
63.736543,846,10418.425778
21.256769,354,10423.596864
14.735794,239,10427.192728
61.878089,870,10439.55125
65.92683,839,10452.552042
62.188656,887,10465.298411
63.282622,841,10477.328473
61.972139,819,10489.146483
42.057864,653,10498.630573
66.055983,846,10511.761136
64.759577,793,10523.167123
64.206648,808,10534.71144
41.167096,534,10542.530746
28.374122,412,10548.614054
64.515113,887,10562.445691
56.50155,697,10573.57559
65.171784,836,10585.742982
64.213543,880,10598.632495
62.300214,818,10610.518343
62.628878,785,10621.962633
63.241842,783,10634.289823
64.405583,816,10646.210567
64.070639,760,10657.230082
58.437139,806,10668.929162
64.081916,810,10680.552096
64.55859,782,10692.882179
64.396509,785,10703.916997
18.84208,327,10708.796324
65.574217,832,10720.823847
28.249723,382,10726.502617
66.119429,834,10738.546294
63.49656,793,10749.759373
53.022849,698,10760.827693
51.641398,672,10770.608625
63.738858,786,10781.861762
63.516371,904,10794.823602
63.007136,857,10807.300074
64.107697,824,10820.220217
64.828557,836,10832.455631
65.187655,825,10844.240344
65.62278,900,10857.074899
65.094933,835,10869.050061
62.638846,730,10880.673896
63.900851,862,10893.193952
64.837878,794,10904.824244
64.994137,787,10916.250464
64.150933,755,10927.267929
59.406874,739,10939.027806
17.818364,282,10943.274469
63.57824,798,10954.859404
64.934427,845,10967.135163
38.933943,522,10974.895995
63.309365,794,10986.520873
64.324445,771,10999.054102
63.93107,741,11009.87289
65.161173,810,11021.369964
62.320375,838,11033.295424
62.405424,756,11044.257609
65.014197,773,11056.338961
63.94293,804,11067.935832
63.583224,849,11080.076166
65.044954,819,11091.949783
63.043011,809,11103.811308
64.294588,740,11115.702487
64.826864,746,11126.653719
64.568527,768,11137.917042
65.43739,749,11148.858711
66.577166,852,11161.363737
64.674597,734,11172.241561
44.930664,551,11181.351237
64.039005,773,11192.96072
64.255028,838,11205.39917
65.038261,799,11217.233538
33.510117,588,11226.05069
25.283193,387,11231.973462
32.093587,410,11239.272591
63.435377,758,11250.465597
65.278841,760,11261.719834
35.634245,477,11269.012923
63.27084,797,11280.936726
65.306931,751,11292.102761
64.303067,761,11304.474514
63.696208,797,11316.194281
63.233214,729,11326.919963
63.753588,741,11337.780216
64.741745,751,11348.858429
63.889699,719,11360.303654
63.834972,762,11371.556255
61.209599,733,11382.349987
65.604618,769,11393.625957
57.548226,714,11404.16063
64.901824,760,11415.428549
62.267694,733,11427.33831
65.253431,801,11439.218659
63.213041,709,11450.204017
63.327131,760,11461.482025
56.396573,644,11471.149939
26.505175,350,11476.480198
28.056512,460,11484.464552
64.277811,751,11495.595516
62.065673,709,11506.110003
65.184256,749,11517.142504
64.647827,732,11528.079672
30.778359,416,11534.445313
63.110873,715,11545.049669
64.086097,720,11556.783508
62.0966,859,11569.520208
64.7452,772,11580.971983
64.014175,762,11592.303858
66.320644,771,11603.771135
63.687757,731,11615.742671
63.637128,737,11626.753486
39.657623,481,11634.075571
65.308836,736,11645.05197
62.877984,716,11655.554561
64.6128,768,11666.910733
63.933796,758,11679.043405
63.062196,825,11691.13769
63.065666,780,11702.474217
65.17331,757,11713.588109
63.417777,768,11724.895587
59.297871,768,11737.143483
65.244609,756,11748.404881
62.678658,731,11759.350517
65.62344,754,11770.628936
66.361673,786,11782.345161
45.179413,582,11791.12465
58.488198,674,11802.388531
64.742599,813,11814.667685
64.73895,743,11825.724104
65.934598,757,11836.966454
64.442872,760,11848.328105
65.504645,792,11861.191899
44.966176,587,11870.108973
64.1209,728,11881.125337
66.009405,714,11891.952765
13.810331,279,11896.356669
30.597616,439,11903.880128
17.611111,256,11908.318939
64.949465,744,11920.451263
26.647833,384,11926.454069
65.674862,745,11938.260122
35.62258,485,11947.356834
63.901805,707,11958.108621
66.554228,770,11969.72124
63.233992,709,11980.370435
36.583888,486,11988.687185
-0.425717,106,11990.530015
64.059323,726,12001.24851
16.35666,265,12005.392885
66.49517,754,12016.555984
63.139841,700,12026.97804
60.941388,698,12037.454866
65.386388,723,12049.288966
64.958479,742,12060.403431
21.239948,307,12065.19327
35.294551,458,12072.198942
65.537068,725,12083.214748
25.539264,379,12089.0815
60.70879,724,12099.942657
64.867099,731,12111.918283
25.434558,361,12117.476587
65.458833,767,12129.058751
63.588206,727,12140.053529
64.350779,732,12151.006344
62.414226,738,12162.131934
65.156279,732,12174.1342
62.330113,764,12185.768965
63.716049,737,12196.902016
65.237106,779,12208.631907
62.236854,709,12219.277084
47.496007,568,12227.986357
65.020238,723,12240.070178
64.01458,740,12251.381216
63.340701,766,12262.832982
65.69245,776,12274.513012
64.649526,765,12286.106798
61.840999,697,12296.54973
64.565271,719,12308.284458
64.147245,800,12320.218888
45.945872,568,12328.713809
66.749871,816,12340.751206
63.924848,723,12351.455339
64.716393,746,12363.537232
14.939832,257,12368.384386
63.730181,738,12379.431213
62.163224,676,12389.5892
64.418398,745,12400.850762
64.618769,707,12411.459862
64.76481,719,12422.442953
65.9555,754,12434.900883
63.77568,712,12445.825304
64.930942,782,12457.949177
65.064203,753,12469.578167
62.454524,704,12480.357735
63.154946,721,12492.406547
64.598247,725,12503.395325
66.161098,785,12515.251988
60.521511,669,12525.593883
62.857877,713,12536.504964
64.328148,741,12547.899763
62.686198,695,12559.482038
65.676233,769,12571.354789
62.407121,703,12582.11762
63.368847,731,12593.310663
62.915888,673,12603.756485
64.08648,752,12615.304451
64.720837,737,12627.616153
62.834148,686,12638.192815
-0.989481,149,12640.763238
44.320663,578,12649.736568
61.531743,668,12659.885482
62.280217,788,12672.030988
66.343998,790,12685.131821
63.841806,750,12696.666134
46.367326,564,12705.414072
64.041967,811,12717.727018
64.303143,717,12728.751904
64.246884,726,12739.82321
66.370785,824,12753.42393
64.184922,781,12765.388498
61.684389,691,12776.03435
64.084819,753,12787.60293
63.418474,703,12798.647544
64.863022,725,12810.721627
63.273048,720,12821.789162
64.850549,775,12834.015543
61.217192,694,12844.944781
63.458055,800,12857.281597
63.649822,729,12868.446177
63.123106,698,12880.218835
65.795465,725,12891.294658
34.713599,434,12898.069736
63.983856,695,12908.829402
64.748279,760,12920.45219
60.91276,704,12931.337682
60.30356,693,12942.996219
62.686096,688,12953.673214
64.600451,734,12965.150126
63.942184,760,12976.852718
63.431241,729,12988.316833
38.724487,495,12996.070318
65.403497,754,13008.662689
6.013684,182,13011.684189
32.766617,439,13018.465369
65.21858,767,13030.071444
63.028007,707,13040.880192
64.202929,774,13052.676975
27.598241,356,13058.294922
65.23864,726,13070.369865
63.63446,724,13081.463467
64.446012,777,13093.419287
0.459425,178,13096.415231
53.271481,624,13106.176967
65.41048,743,13117.686197
63.46053,707,13128.660365
64.784141,748,13141.349443
62.937643,812,13153.95821
63.901635,712,13165.119403
10.548824,220,13168.766322
51.771278,606,13178.284607
63.230828,699,13189.232262
63.68739,712,13201.40115
63.380799,721,13212.736589
62.247703,698,13223.697983
65.164504,733,13235.129159
63.467125,720,13246.40188
63.919973,723,13257.710332
65.358019,741,13270.317902
60.809205,672,13280.692565
64.071954,787,13292.794914
64.317659,773,13304.964772
64.408115,743,13317.777841
-1.409769,173,13320.698701
65.391286,746,13333.33163
32.191685,426,13340.185776
65.50564,746,13351.792869
51.671204,610,13362.373988
64.684457,717,13374.703833
62.146732,708,13385.721289
64.155566,715,13397.797782
64.53059,760,13409.64397
64.372871,720,13420.784468
62.548216,724,13432.135036
63.201451,708,13443.252829
63.753785,764,13455.210974
63.708671,707,13467.16689
55.9436,776,13479.32128
47.252487,542,13487.856089
65.818126,731,13499.279167
63.398919,710,13510.467069
65.476701,701,13521.39689
